CancelledId,ApplicationId,ProgramId,MenteeId,CancellationDate,CancellationReason
1,48,1204,3027,2024-02-24 23:48:54,schedule_conflict
2,106,2868,3533,2025-01-02 09:32:46,application_sent_by_mistake
3,130,60,5440,2025-06-05 22:01:59,personal_issue
4,141,2909,5338,2024-06-03 07:55:27,availability_changed
5,168,1735,4495,2024-09-30 12:25:47,time_zone_issue
6,171,710,2605,2025-08-02 16:56:42,time_zone_issue
7,173,1625,4074,2025-07-13 17:22:15,not_ready_yet
8,186,977,2056,2025-08-25 08:41:48,accepted_other_offer
9,216,1890,1719,2025-10-27 21:00:00,availability_changed
10,245,698,5156,2025-05-06 11:24:39,personal_issue
11,268,2970,5484,2025-11-06 16:19:17,not_ready_yet
12,269,775,5311,2024-08-05 02:17:13,application_sent_by_mistake
13,288,924,4392,2025-09-22 17:54:14,accepted_other_offer
14,295,956,3836,2025-06-19 22:09:01,time_zone_issue
15,323,3170,4691,2025-03-17 00:41:23,time_zone_issue
16,355,2077,2535,2025-11-19 10:27:42,time_zone_issue
17,369,2168,3017,2025-09-23 08:28:24,schedule_conflict
18,372,2980,3581,2024-06-16 12:55:38,availability_changed
19,388,2816,2055,2024-07-16 09:16:14,lost_interest
20,391,154,4793,2025-08-06 13:01:25,schedule_conflict
21,394,2264,3560,2025-10-15 00:52:46,availability_changed
22,399,2124,1892,2024-10-12 21:51:30,time_zone_issue
23,412,2293,3409,2024-06-02 23:27:24,schedule_conflict
24,448,2774,2400,2025-11-27 17:02:55,schedule_conflict
25,467,3002,2111,2025-11-17 15:46:05,lost_interest
26,470,2171,2952,2025-03-17 13:31:09,accepted_other_offer
27,472,1017,1839,2025-03-10 03:14:04,time_zone_issue
28,479,2311,4621,2025-07-31 09:40:03,lost_interest
29,487,1469,4705,2025-06-20 15:32:11,availability_changed
30,490,1576,3019,2025-04-26 09:21:22,not_ready_yet
31,499,482,4240,2025-11-13 07:37:11,availability_changed
32,506,2686,4070,2025-10-27 00:51:40,time_zone_issue
33,574,2692,5202,2025-07-22 19:13:13,not_ready_yet
34,579,47,3049,2025-11-12 17:09:47,application_sent_by_mistake
35,598,1852,3521,2025-10-20 15:14:42,application_sent_by_mistake
36,602,3008,3223,2025-09-16 13:45:33,accepted_other_offer
37,605,625,2877,2025-06-05 15:28:01,schedule_conflict
38,610,977,2543,2025-08-16 09:23:23,not_ready_yet
39,618,422,2877,2025-11-25 19:04:24,personal_issue
40,634,147,4096,2025-10-24 17:21:38,lost_interest
41,653,2718,2671,2025-10-07 14:08:05,not_ready_yet
42,692,197,2469,2025-07-08 00:00:00,lost_interest
43,695,975,3024,2025-04-07 00:00:00,not_ready_yet
44,713,532,1648,2025-10-11 00:00:00,application_sent_by_mistake
45,738,781,2961,2025-08-30 00:00:00,time_zone_issue
46,771,2952,3469,2025-03-10 00:00:00,personal_issue
47,1277,1316,3392,2025-09-27 00:00:00,schedule_conflict
48,1321,2291,3158,2025-05-22 00:00:00,lost_interest
49,1575,1459,3976,2025-03-28 12:01:47,availability_changed
50,2256,79,4294,2025-07-03 00:00:00,time_zone_issue
51,2648,1768,4253,2025-09-27 00:00:00,application_sent_by_mistake
52,3151,779,4536,2025-04-12 00:00:00,accepted_other_offer
53,3408,2671,2006,2025-09-02 00:00:00,application_sent_by_mistake
54,3597,1032,1680,2025-07-04 00:00:00,application_sent_by_mistake
55,3770,2868,2822,2024-12-08 00:00:00,availability_changed
56,3825,1662,2650,2025-04-02 22:09:34,application_sent_by_mistake
57,3928,2920,3129,2025-08-11 00:00:00,not_ready_yet
58,3978,1316,4922,2025-09-22 00:00:00,time_zone_issue
59,4021,868,3030,2025-11-05 17:52:14,not_ready_yet
60,4101,1461,2291,2025-08-12 00:00:00,schedule_conflict
61,4159,421,4213,2025-10-11 00:00:00,schedule_conflict
62,4594,3140,4005,2025-10-08 00:00:00,schedule_conflict
63,4689,3071,5171,2024-09-17 00:00:00,accepted_other_offer
64,4761,891,1668,2025-06-29 00:00:00,schedule_conflict
65,4772,585,3755,2025-09-14 00:00:00,schedule_conflict
66,5182,2868,2864,2025-05-16 04:04:56,availability_changed
67,5545,3145,2090,2025-05-28 00:00:00,time_zone_issue
68,5957,1644,3513,2025-08-12 06:13:09,accepted_other_offer
69,5989,769,3343,2025-10-08 00:00:00,not_ready_yet
70,6021,1651,5466,2025-10-09 00:00:00,application_sent_by_mistake
71,6233,2627,3585,2025-08-25 00:00:00,accepted_other_offer
72,6314,2969,2215,2025-09-27 00:00:00,time_zone_issue
73,6346,781,5332,2025-08-23 00:00:00,not_ready_yet
74,6352,1976,1606,2025-03-10 00:00:00,accepted_other_offer
75,6377,482,2215,2025-10-21 00:00:00,personal_issue
76,6401,1469,2428,2025-06-19 00:00:00,personal_issue
77,6450,2226,2418,2025-08-29 00:00:00,accepted_other_offer
78,6464,1794,3206,2025-06-02 00:00:00,not_ready_yet
79,6477,2086,3761,2025-06-26 00:00:00,schedule_conflict
80,6493,2847,2683,2025-09-30 00:00:00,not_ready_yet
81,6504,720,2684,2025-09-13 00:00:00,accepted_other_offer
82,6531,1189,4858,2025-03-23 00:00:00,availability_changed
83,6628,2344,4526,2024-11-18 00:00:00,schedule_conflict
84,6675,2926,1847,2025-07-04 00:00:00,not_ready_yet
85,6772,2033,2387,2025-10-23 00:00:00,schedule_conflict
86,6781,95,3684,2024-04-20 00:00:00,schedule_conflict
87,6787,162,1570,2025-10-02 00:00:00,personal_issue
88,6848,557,4264,2025-07-29 17:08:12,availability_changed
89,6968,1451,3856,2025-08-31 00:00:00,application_sent_by_mistake
90,6971,322,4537,2025-05-21 09:45:05,lost_interest
91,6995,2768,5476,2025-10-28 00:00:00,not_ready_yet
92,7132,2942,3595,2025-10-17 00:00:00,personal_issue
93,7178,2529,3792,2025-10-19 06:07:50,personal_issue
94,7184,421,4236,2025-10-19 00:00:00,availability_changed
95,7192,617,3282,2025-09-23 00:00:00,accepted_other_offer
96,7230,1089,2103,2024-11-19 00:00:00,lost_interest
97,7261,3199,5245,2025-05-15 00:00:00,availability_changed
98,7377,956,4598,2025-06-14 00:00:00,lost_interest
99,7411,1546,4808,2025-05-24 00:00:00,not_ready_yet
100,7470,446,2779,2024-07-20 00:00:00,not_ready_yet
101,7531,934,2925,2025-09-22 00:00:00,not_ready_yet
102,7547,2886,3977,2025-02-18 00:00:00,availability_changed
103,7589,779,2260,2025-04-09 00:00:00,schedule_conflict
104,7685,2768,2403,2025-10-29 00:00:00,lost_interest
105,7744,2724,4386,2025-05-14 00:00:00,application_sent_by_mistake
106,7793,1089,5174,2024-11-17 00:00:00,time_zone_issue
107,7815,462,1502,2025-07-09 00:00:00,lost_interest
108,7886,2075,2009,2025-10-29 00:00:00,personal_issue
109,7904,2132,3572,2025-10-05 00:00:00,time_zone_issue
110,7918,2621,4761,2025-09-05 00:00:00,not_ready_yet
111,7984,1032,4322,2025-06-23 00:00:00,schedule_conflict
112,8049,2345,4800,2025-02-27 23:48:24,time_zone_issue
113,8084,1480,4888,2025-06-29 20:35:26,application_sent_by_mistake
114,8121,1245,3902,2025-08-15 00:00:00,accepted_other_offer
115,8131,2926,4238,2025-06-25 00:00:00,availability_changed
116,8502,2226,3650,2025-08-23 00:00:00,accepted_other_offer
117,9084,261,4206,2025-07-11 00:00:00,accepted_other_offer
118,9144,1804,5274,2025-10-25 00:00:00,time_zone_issue
119,9400,1735,3080,2024-09-08 00:00:00,application_sent_by_mistake
120,9464,332,2383,2025-05-18 00:00:00,availability_changed
121,9477,965,4000,2024-08-22 00:00:00,accepted_other_offer
122,9486,1192,3729,2024-06-23 00:00:00,application_sent_by_mistake
123,9505,2868,4478,2024-11-27 00:00:00,schedule_conflict
124,9513,526,2969,2025-06-18 00:00:00,not_ready_yet
125,9515,43,2999,2025-11-30 00:00:00,time_zone_issue
126,9522,3104,3066,2025-10-27 00:00:00,lost_interest
127,9524,1513,3044,2024-06-15 00:00:00,accepted_other_offer
128,9530,2344,1857,2025-01-08 00:00:00,accepted_other_offer
129,9538,140,2860,2024-04-20 00:00:00,not_ready_yet
130,9551,2868,2876,2025-02-17 00:00:00,lost_interest
131,9556,462,4552,2025-08-08 00:00:00,lost_interest
132,9557,775,4552,2024-08-12 00:00:00,time_zone_issue
133,9561,2914,2548,2025-08-26 00:00:00,not_ready_yet
134,9562,2147,2548,2024-10-02 00:00:00,schedule_conflict
135,9563,1662,2548,2024-05-15 00:00:00,application_sent_by_mistake
136,9609,3061,4356,2025-08-27 00:00:00,schedule_conflict
137,9633,2671,2697,2025-09-30 00:00:00,lost_interest
138,9638,2563,1725,2025-11-01 00:00:00,personal_issue
139,9657,1794,4582,2025-07-31 00:00:00,schedule_conflict
140,9675,3054,3910,2024-06-11 00:00:00,application_sent_by_mistake
141,9677,1042,2443,2025-10-22 00:00:00,application_sent_by_mistake
142,9698,2722,4621,2025-03-09 00:00:00,time_zone_issue
143,9736,486,3402,2025-10-21 00:00:00,lost_interest
144,9773,2955,2305,2025-02-27 00:00:00,schedule_conflict
145,9787,308,3437,2026-01-17 00:00:00,schedule_conflict
146,9797,197,3376,2025-07-28 00:00:00,not_ready_yet
147,9826,1673,3756,2025-10-02 00:00:00,availability_changed
148,9835,1444,4823,2025-10-30 00:00:00,lost_interest
149,9836,887,4823,2025-10-19 00:00:00,not_ready_yet
150,9846,1379,2563,2024-10-02 00:00:00,schedule_conflict
151,9865,611,4168,2025-09-30 00:00:00,application_sent_by_mistake
152,9867,1290,5338,2024-10-10 00:00:00,time_zone_issue
153,9871,1414,2536,2025-12-24 00:00:00,time_zone_issue
154,9898,2868,3735,2025-01-15 00:00:00,lost_interest
155,9902,234,4527,2024-05-03 00:00:00,application_sent_by_mistake
156,9904,2856,4463,2024-10-27 00:00:00,time_zone_issue
157,9922,2058,4756,2025-10-17 00:00:00,personal_issue
158,9923,2702,2583,2025-11-18 00:00:00,personal_issue
159,9949,1469,5422,2025-09-05 00:00:00,time_zone_issue
160,9950,1750,5006,2026-01-02 00:00:00,personal_issue
161,9956,2258,2400,2025-06-28 00:00:00,schedule_conflict
162,9957,2989,2400,2025-01-27 00:00:00,availability_changed
163,9973,1314,1897,2025-01-29 00:00:00,availability_changed
164,9974,168,1897,2024-04-16 00:00:00,availability_changed
165,9978,3173,3083,2025-09-06 00:00:00,not_ready_yet
166,9986,834,4752,2025-10-04 00:00:00,accepted_other_offer
167,9996,1296,4346,2025-09-14 00:00:00,schedule_conflict
168,10002,977,5100,2025-10-26 00:00:00,time_zone_issue
169,10007,2926,4755,2025-09-26 00:00:00,not_ready_yet
170,10032,2868,5414,2025-02-05 00:00:00,availability_changed
171,10041,1696,3270,2025-09-09 00:00:00,personal_issue
172,10062,719,4863,2025-09-04 00:00:00,not_ready_yet
173,10063,1923,4863,2025-06-21 00:00:00,lost_interest
174,10076,2580,5246,2025-06-11 00:00:00,time_zone_issue
175,10080,2535,4549,2025-02-13 00:00:00,availability_changed
176,10093,405,4402,2025-08-18 00:00:00,time_zone_issue
177,10105,823,3179,2025-11-15 00:00:00,personal_issue
178,10106,1446,3179,2025-11-25 00:00:00,schedule_conflict
179,10135,1370,2702,2024-06-24 00:00:00,application_sent_by_mistake
180,10160,43,4623,2025-10-06 00:00:00,time_zone_issue
181,10168,1172,2210,2024-12-27 00:00:00,schedule_conflict
182,10170,2425,5102,2025-11-07 00:00:00,not_ready_yet
183,10184,1750,3369,2025-12-21 00:00:00,application_sent_by_mistake
184,10194,322,3681,2024-09-06 00:00:00,accepted_other_offer
185,10207,853,3030,2025-09-05 00:00:00,time_zone_issue
186,10211,896,5428,2025-10-30 00:00:00,personal_issue
187,10213,1597,5323,2024-12-19 00:00:00,accepted_other_offer
188,10238,2575,2428,2025-10-02 00:00:00,availability_changed
189,10243,2679,3676,2025-09-18 00:00:00,availability_changed
190,10251,1192,1807,2024-08-15 00:00:00,time_zone_issue
191,10271,319,3657,2025-11-11 00:00:00,not_ready_yet
192,10274,1603,4641,2025-12-11 00:00:00,application_sent_by_mistake
193,10277,1968,2009,2025-10-04 00:00:00,application_sent_by_mistake
194,10279,2523,1882,2025-09-21 00:00:00,availability_changed
195,10280,405,1882,2025-06-18 00:00:00,schedule_conflict
196,10286,2715,2161,2025-11-20 00:00:00,schedule_conflict
197,10306,2907,4182,2025-09-05 00:00:00,personal_issue
198,10307,989,3966,2025-09-05 00:00:00,application_sent_by_mistake
199,10313,3021,1748,2025-07-22 00:00:00,application_sent_by_mistake
200,10323,2013,3927,2025-08-26 00:00:00,accepted_other_offer
201,10351,779,1972,2025-04-04 00:00:00,availability_changed
202,10355,1563,1774,2025-08-07 00:00:00,not_ready_yet
203,10359,1392,1538,2025-05-19 00:00:00,time_zone_issue
204,10370,3109,2253,2024-11-10 00:00:00,application_sent_by_mistake
205,10385,1446,2365,2025-10-22 00:00:00,availability_changed
206,10405,317,4144,2025-12-18 00:00:00,not_ready_yet
207,10408,1316,2712,2025-09-29 00:00:00,not_ready_yet
208,10411,719,1913,2025-08-25 00:00:00,personal_issue
209,10452,1811,5021,2025-01-22 00:00:00,not_ready_yet
210,10514,2926,3811,2025-07-25 00:00:00,time_zone_issue
211,10520,2148,3836,2024-11-17 00:00:00,availability_changed
212,10538,1774,4060,2025-10-12 00:00:00,personal_issue
213,10542,1251,1550,2024-11-11 00:00:00,personal_issue
214,10550,1393,2109,2025-09-30 00:00:00,time_zone_issue
215,10568,1185,4575,2024-10-16 00:00:00,personal_issue
216,10578,2209,3146,2024-12-07 00:00:00,time_zone_issue
217,10594,1924,4131,2025-11-16 00:00:00,schedule_conflict
218,10601,626,4631,2025-07-27 00:00:00,personal_issue
219,10606,2026,4737,2024-09-09 00:00:00,personal_issue
220,10615,1894,4036,2025-05-16 00:00:00,accepted_other_offer
221,10632,732,1676,2025-10-15 00:00:00,personal_issue
222,10652,1393,1911,2025-08-26 00:00:00,availability_changed
223,10654,1039,2715,2025-11-05 00:00:00,not_ready_yet
224,10667,1546,1881,2025-07-14 00:00:00,schedule_conflict
225,10682,167,2554,2025-08-25 00:00:00,time_zone_issue
226,10686,747,1570,2025-06-17 00:00:00,time_zone_issue
227,10698,1250,3994,2024-03-19 00:00:00,application_sent_by_mistake
228,10705,1460,3789,2025-02-13 00:00:00,schedule_conflict
229,10706,3039,3789,2025-07-19 00:00:00,application_sent_by_mistake
230,10708,588,3653,2025-10-01 00:00:00,availability_changed
231,10712,1059,3255,2024-12-02 00:00:00,accepted_other_offer
232,10731,1638,3889,2025-07-23 00:00:00,lost_interest
233,10753,1890,1707,2025-12-04 00:00:00,availability_changed
234,10761,993,2857,2025-12-04 00:00:00,lost_interest
235,10765,2020,4108,2025-05-18 00:00:00,time_zone_issue
236,10768,2868,2812,2025-01-08 00:00:00,personal_issue
237,10782,2523,4779,2025-09-25 00:00:00,schedule_conflict
238,10819,1340,3354,2025-02-13 00:00:00,not_ready_yet
239,10843,1893,3574,2025-11-08 00:00:00,availability_changed
240,10845,1480,3574,2025-05-11 00:00:00,time_zone_issue
241,10847,2125,4218,2024-11-29 00:00:00,application_sent_by_mistake
242,10850,1316,1790,2025-09-30 00:00:00,application_sent_by_mistake
243,10865,817,4172,2025-03-05 00:00:00,application_sent_by_mistake
244,10900,986,2588,2025-10-15 00:00:00,schedule_conflict
245,10911,2833,4614,2025-05-30 00:00:00,not_ready_yet
246,10916,2535,4351,2025-03-25 00:00:00,application_sent_by_mistake
247,10917,1100,3023,2025-12-24 00:00:00,lost_interest
248,10943,101,2157,2025-09-16 00:00:00,application_sent_by_mistake
249,10946,2235,5273,2025-12-07 00:00:00,application_sent_by_mistake
250,10983,476,5152,2025-06-14 00:00:00,accepted_other_offer
251,10985,1378,3615,2024-10-06 00:00:00,schedule_conflict
252,10998,2387,2064,2025-10-21 00:00:00,schedule_conflict
253,11001,2771,3512,2025-06-24 00:00:00,accepted_other_offer
254,11007,678,2083,2025-12-13 00:00:00,schedule_conflict
255,11046,2909,4821,2024-07-12 00:00:00,time_zone_issue
256,11053,2853,4787,2025-12-18 00:00:00,availability_changed
257,11057,2671,2927,2025-09-18 00:00:00,application_sent_by_mistake
258,11067,698,4198,2025-05-16 00:00:00,personal_issue
259,11078,3132,4534,2024-06-26 00:00:00,availability_changed
260,11092,1459,4410,2024-10-16 00:00:00,not_ready_yet
261,11093,2616,2972,2025-10-16 00:00:00,availability_changed
262,11103,322,3607,2024-08-29 00:00:00,application_sent_by_mistake
263,11107,1415,1930,2025-10-30 00:00:00,time_zone_issue
264,11114,3173,4907,2025-10-20 00:00:00,lost_interest
265,11133,192,1504,2025-12-11 00:00:00,accepted_other_offer
266,11149,1563,5481,2025-06-09 00:00:00,personal_issue
267,11150,10,4864,2025-01-19 00:00:00,personal_issue
268,11154,2671,4362,2025-11-29 00:00:00,personal_issue
269,11168,2264,5140,2025-10-27 00:00:00,schedule_conflict
270,11184,810,3572,2025-08-07 00:00:00,schedule_conflict
271,11203,569,1738,2025-11-19 00:00:00,accepted_other_offer
272,11215,732,2931,2025-10-09 00:00:00,accepted_other_offer
273,11262,136,5203,2025-07-06 00:00:00,accepted_other_offer
274,11289,2457,2840,2025-04-05 00:00:00,application_sent_by_mistake
275,11292,816,3082,2025-05-02 00:00:00,lost_interest
276,11306,2139,2211,2024-07-18 00:00:00,lost_interest
277,11307,213,2211,2025-10-03 00:00:00,accepted_other_offer
278,11308,2993,4601,2024-04-02 00:00:00,personal_issue
279,11338,2037,4587,2025-10-20 00:00:00,personal_issue
280,11349,2392,4089,2025-07-25 00:00:00,accepted_other_offer
281,11355,3070,3614,2025-11-04 00:00:00,application_sent_by_mistake
282,11362,2074,3081,2026-01-02 00:00:00,schedule_conflict
283,11371,2125,3117,2024-12-23 00:00:00,schedule_conflict
284,11385,2171,2020,2025-04-23 00:00:00,not_ready_yet
285,11396,1749,2849,2025-10-24 00:00:00,availability_changed
286,11407,2972,4490,2025-09-26 00:00:00,not_ready_yet
287,11431,1128,4676,2025-10-27 00:00:00,lost_interest
288,11445,1469,5059,2025-07-30 00:00:00,availability_changed
289,11470,599,2594,2025-06-03 00:00:00,schedule_conflict
290,11515,3088,4014,2025-06-28 00:00:00,availability_changed
291,11522,2077,3091,2025-11-22 00:00:00,not_ready_yet
292,11523,327,3143,2025-10-08 00:00:00,not_ready_yet
293,11545,3015,2129,2025-07-17 00:00:00,accepted_other_offer
294,11549,247,1949,2024-12-25 00:00:00,schedule_conflict
295,11562,10,4837,2025-01-12 00:00:00,not_ready_yet
296,11563,1627,2880,2025-09-12 00:00:00,availability_changed
297,11564,309,2880,2025-12-14 00:00:00,accepted_other_offer
298,11566,2285,1969,2025-08-06 00:00:00,time_zone_issue
299,11567,719,1969,2025-08-14 00:00:00,availability_changed
300,11586,639,3507,2025-07-14 00:00:00,not_ready_yet
301,11590,1058,3774,2024-09-25 00:00:00,not_ready_yet
302,11592,2768,4438,2025-12-06 00:00:00,availability_changed
303,11598,2344,4895,2024-12-26 00:00:00,availability_changed
304,11603,853,4207,2025-11-09 00:00:00,availability_changed
305,11604,1197,4768,2025-07-22 00:00:00,personal_issue
306,11624,1876,2980,2024-10-06 00:00:00,application_sent_by_mistake
307,11632,2766,4541,2025-09-05 00:00:00,lost_interest
308,11635,20,2982,2025-04-10 00:00:00,schedule_conflict
309,11639,2344,2671,2024-12-06 00:00:00,accepted_other_offer
310,11653,710,5396,2025-08-27 00:00:00,schedule_conflict
311,11667,2311,3118,2025-08-26 00:00:00,lost_interest
312,11700,2155,2329,2025-03-07 00:00:00,not_ready_yet
313,11701,624,2329,2025-05-25 00:00:00,not_ready_yet
314,11755,3008,5156,2025-09-15 00:00:00,application_sent_by_mistake
315,11769,1517,1878,2025-02-14 00:00:00,accepted_other_offer
316,11775,426,5361,2025-08-09 00:00:00,personal_issue
317,11776,277,5361,2025-06-22 00:00:00,lost_interest
318,11783,2887,4419,2025-04-16 00:00:00,time_zone_issue
319,11786,1774,4778,2025-09-26 00:00:00,time_zone_issue
320,11796,462,1899,2025-07-18 00:00:00,time_zone_issue
321,11802,749,3683,2025-09-12 00:00:00,availability_changed
322,11814,140,4831,2024-05-04 00:00:00,personal_issue
323,11821,569,4065,2025-12-29 00:00:00,personal_issue
324,11830,956,3374,2025-08-12 00:00:00,schedule_conflict
325,11851,2833,4632,2025-05-14 00:00:00,application_sent_by_mistake
326,11856,3101,3303,2025-06-27 00:00:00,personal_issue
327,11863,2208,2951,2025-10-17 00:00:00,availability_changed
328,11867,1923,5288,2025-08-28 00:00:00,availability_changed
329,11870,2168,4211,2025-09-13 00:00:00,lost_interest
330,11878,2671,2690,2025-10-02 00:00:00,time_zone_issue
331,11897,1794,4725,2025-08-15 00:00:00,schedule_conflict
332,11904,3084,3982,2025-04-20 00:00:00,personal_issue
333,11907,2996,3330,2025-05-02 00:00:00,not_ready_yet
334,11908,2798,1675,2024-11-14 00:00:00,not_ready_yet
335,11918,1750,1648,2025-11-07 00:00:00,not_ready_yet
336,11940,3002,4074,2026-01-10 00:00:00,not_ready_yet
337,11941,1720,4074,2025-08-01 00:00:00,accepted_other_offer
338,11947,1415,3616,2025-10-06 00:00:00,personal_issue
339,11960,3120,4122,2025-08-14 00:00:00,lost_interest
340,11966,197,4309,2025-07-22 00:00:00,not_ready_yet
341,11991,2868,3635,2024-12-19 00:00:00,lost_interest
342,11994,1456,2841,2025-06-28 00:00:00,lost_interest
343,11997,2084,2363,2025-12-28 00:00:00,time_zone_issue
344,11999,3037,2363,2025-08-30 00:00:00,lost_interest
345,12010,1047,4945,2024-12-06 00:00:00,lost_interest
346,12012,115,4064,2024-07-08 00:00:00,availability_changed
347,12014,1233,4064,2025-04-13 00:00:00,availability_changed
348,12025,2257,3049,2025-01-21 00:00:00,not_ready_yet
349,12034,2056,2718,2025-07-10 00:00:00,schedule_conflict
350,12039,2291,3882,2025-06-13 00:00:00,availability_changed
351,12049,2671,4591,2025-09-10 00:00:00,lost_interest
352,12055,974,3575,2025-04-05 00:00:00,accepted_other_offer
353,12068,1414,2126,2025-10-21 00:00:00,personal_issue
354,12084,2057,1581,2025-10-25 00:00:00,time_zone_issue
355,12092,1985,3769,2025-12-09 00:00:00,not_ready_yet
356,12096,1981,3904,2025-09-19 00:00:00,availability_changed
357,12183,820,3395,2024-12-26 00:00:00,not_ready_yet
358,12196,2833,2198,2025-06-13 00:00:00,availability_changed
359,12204,2766,4158,2025-08-29 00:00:00,application_sent_by_mistake
360,12207,717,4158,2025-10-05 00:00:00,availability_changed
361,12212,76,4688,2024-04-13 00:00:00,schedule_conflict
362,12217,3061,1815,2025-09-19 00:00:00,availability_changed
363,12218,687,1520,2025-11-05 00:00:00,lost_interest
364,12245,687,1855,2025-12-20 00:00:00,availability_changed
365,12253,891,3548,2025-08-31 00:00:00,application_sent_by_mistake
366,12257,3088,4746,2025-09-09 00:00:00,schedule_conflict
367,12263,2625,2309,2025-11-19 00:00:00,application_sent_by_mistake
368,12267,1469,1989,2025-07-31 00:00:00,application_sent_by_mistake
369,12276,2551,4576,2025-09-06 00:00:00,time_zone_issue
370,12300,2058,2586,2025-11-21 00:00:00,not_ready_yet
371,12304,2241,4088,2025-07-27 00:00:00,not_ready_yet
372,12308,1375,5014,2025-05-26 00:00:00,not_ready_yet
373,12315,2828,4288,2026-01-07 00:00:00,not_ready_yet
374,12319,1185,5196,2024-09-22 00:00:00,personal_issue
375,12327,1864,5159,2025-12-22 00:00:00,not_ready_yet
376,12328,2886,5159,2025-03-06 00:00:00,schedule_conflict
377,12358,761,3847,2026-01-02 00:00:00,accepted_other_offer
378,12395,1991,2224,2024-08-12 00:00:00,not_ready_yet
379,12420,2511,1540,2025-12-06 00:00:00,accepted_other_offer
380,12430,2535,3714,2025-01-15 00:00:00,schedule_conflict
381,12432,98,4044,2025-10-05 00:00:00,not_ready_yet
382,12478,599,2837,2025-07-16 00:00:00,personal_issue
383,12486,1473,3661,2025-06-11 00:00:00,availability_changed
384,12488,3039,3661,2025-07-18 00:00:00,accepted_other_offer
385,12546,240,4916,2025-06-29 00:00:00,personal_issue
386,12569,1117,4140,2025-04-22 00:00:00,accepted_other_offer
387,12578,2171,1900,2025-02-16 00:00:00,schedule_conflict
388,12581,2387,2094,2025-09-02 00:00:00,time_zone_issue
389,12597,1307,5375,2025-11-18 00:00:00,personal_issue
390,12599,1,5375,2025-12-05 00:00:00,accepted_other_offer
391,12614,1525,5154,2025-10-26 00:00:00,application_sent_by_mistake
392,12639,2171,5016,2025-03-22 00:00:00,lost_interest
393,12669,2758,5240,2025-09-26 00:00:00,schedule_conflict
394,12678,2251,3542,2025-04-30 00:00:00,accepted_other_offer
395,12694,2344,1956,2025-02-15 00:00:00,schedule_conflict
396,12695,304,1956,2025-09-04 00:00:00,application_sent_by_mistake
397,12703,3083,2444,2025-02-06 00:00:00,accepted_other_offer
398,12713,2385,5148,2025-03-04 00:00:00,lost_interest
399,12757,816,2775,2025-05-09 00:00:00,personal_issue
400,12758,2872,2775,2025-08-27 00:00:00,personal_issue
401,12773,1602,2923,2025-10-15 00:00:00,not_ready_yet
402,12776,1834,1655,2025-10-20 00:00:00,application_sent_by_mistake
403,12778,364,1655,2025-10-09 00:00:00,lost_interest
404,12779,396,1655,2025-06-14 00:00:00,accepted_other_offer
405,12781,2425,2286,2025-10-13 00:00:00,schedule_conflict
406,12785,2556,2809,2025-06-30 00:00:00,application_sent_by_mistake
407,12806,720,3596,2025-10-03 00:00:00,schedule_conflict
408,12813,43,4708,2025-11-16 00:00:00,not_ready_yet
409,12819,2385,1589,2025-05-01 00:00:00,application_sent_by_mistake
410,12820,623,1589,2025-04-23 00:00:00,not_ready_yet
411,12821,250,3685,2025-07-16 00:00:00,schedule_conflict
412,12843,2607,3435,2025-06-28 00:00:00,application_sent_by_mistake
413,12853,1152,3544,2025-08-29 00:00:00,application_sent_by_mistake
414,12876,1056,3320,2025-10-31 00:00:00,availability_changed
415,12880,3182,3025,2025-05-05 00:00:00,availability_changed
416,12884,784,2052,2024-11-28 00:00:00,lost_interest
417,12887,3060,2027,2025-10-23 00:00:00,schedule_conflict
418,12892,281,3564,2025-09-18 00:00:00,schedule_conflict
419,12905,1433,4040,2025-09-23 00:00:00,personal_issue
420,12946,2914,2943,2025-10-01 00:00:00,personal_issue
421,12951,95,2892,2024-05-29 00:00:00,accepted_other_offer
422,12952,768,3343,2025-12-10 00:00:00,accepted_other_offer
423,12969,3061,4239,2025-07-24 00:00:00,not_ready_yet
424,12973,749,4670,2025-07-25 00:00:00,lost_interest
425,12977,773,5068,2025-10-19 00:00:00,not_ready_yet
426,13007,1301,1608,2025-11-02 00:00:00,availability_changed
427,13012,548,5043,2025-06-23 00:00:00,lost_interest
428,13039,486,5397,2025-11-28 00:00:00,application_sent_by_mistake
429,13051,317,3932,2025-11-18 00:00:00,schedule_conflict
430,13057,710,4444,2025-08-26 00:00:00,not_ready_yet
431,13071,965,3824,2024-08-10 00:00:00,time_zone_issue
432,13080,1517,3191,2025-03-17 00:00:00,personal_issue
433,13093,396,5144,2025-07-11 00:00:00,availability_changed
434,13094,1080,5144,2025-04-06 00:00:00,not_ready_yet
435,13095,2914,4247,2025-10-08 00:00:00,not_ready_yet
436,13096,1103,4247,2025-10-16 00:00:00,personal_issue
437,13105,2926,5012,2025-09-22 00:00:00,not_ready_yet
438,13106,3039,5012,2025-09-23 00:00:00,accepted_other_offer
439,13107,2580,3492,2025-03-30 00:00:00,personal_issue
440,13109,1766,3492,2025-09-26 00:00:00,not_ready_yet
441,13140,2856,1921,2024-10-20 00:00:00,not_ready_yet
442,13143,1250,1827,2024-02-21 00:00:00,application_sent_by_mistake
443,13163,2828,2257,2025-11-18 00:00:00,schedule_conflict
444,13167,2833,1699,2025-05-25 00:00:00,schedule_conflict
445,13176,2401,5452,2024-04-20 00:00:00,accepted_other_offer
446,13179,3006,5072,2025-07-24 00:00:00,application_sent_by_mistake
447,13192,97,2077,2025-06-10 00:00:00,application_sent_by_mistake
448,13197,2236,4547,2025-10-22 00:00:00,personal_issue
449,13205,2533,3819,2024-07-28 00:00:00,schedule_conflict
450,13221,2197,1658,2025-11-08 00:00:00,not_ready_yet
451,13224,2906,4348,2025-05-26 00:00:00,accepted_other_offer
452,13239,842,1941,2025-07-09 00:00:00,availability_changed
453,13258,3061,2275,2025-07-06 00:00:00,lost_interest
454,13270,2329,2353,2025-09-01 00:00:00,application_sent_by_mistake
455,13298,1869,2668,2025-01-21 00:00:00,not_ready_yet
456,13326,2272,4166,2025-09-06 00:00:00,lost_interest
457,13345,2981,3943,2025-01-09 00:00:00,not_ready_yet
458,13356,625,4683,2025-07-13 00:00:00,lost_interest
459,13368,475,2966,2024-11-17 00:00:00,not_ready_yet
460,13373,1067,1522,2025-07-23 00:00:00,not_ready_yet
461,13403,1459,3723,2024-10-19 00:00:00,not_ready_yet
462,13407,1662,1936,2024-06-16 00:00:00,personal_issue
463,13416,2529,2733,2025-12-04 00:00:00,personal_issue
464,13419,2117,1842,2025-11-12 00:00:00,availability_changed
465,13424,1056,3405,2026-01-07 00:00:00,application_sent_by_mistake
466,13435,356,2188,2025-03-09 00:00:00,schedule_conflict
467,13449,1316,3372,2025-11-16 00:00:00,schedule_conflict
468,13471,84,2472,2024-12-12 00:00:00,accepted_other_offer
469,13476,933,3256,2025-08-25 00:00:00,time_zone_issue
470,13485,3120,2235,2025-09-10 00:00:00,application_sent_by_mistake
471,13489,3173,2888,2025-10-14 00:00:00,not_ready_yet
472,13509,705,1755,2024-04-29 00:00:00,application_sent_by_mistake
473,13518,2988,3588,2024-08-22 00:00:00,not_ready_yet
474,13521,908,4684,2025-11-26 00:00:00,application_sent_by_mistake
475,13527,1817,4720,2025-12-22 00:00:00,availability_changed
476,13528,3037,5195,2025-07-29 00:00:00,application_sent_by_mistake
477,13531,2808,2023,2025-05-28 00:00:00,not_ready_yet
478,13538,2755,2042,2025-11-25 00:00:00,availability_changed
479,13544,952,3667,2024-10-16 00:00:00,application_sent_by_mistake
480,13545,2215,3667,2025-10-02 00:00:00,availability_changed
481,13547,2155,3503,2025-04-13 00:00:00,availability_changed
482,13550,1741,2068,2025-11-17 00:00:00,personal_issue
483,13589,292,3319,2025-08-26 00:00:00,lost_interest
484,13592,255,1537,2025-12-27 00:00:00,availability_changed
485,13611,1603,2304,2025-10-13 00:00:00,availability_changed
486,13632,2847,1645,2025-11-28 00:00:00,application_sent_by_mistake
487,13637,642,2072,2025-12-12 00:00:00,not_ready_yet
488,13648,2621,2342,2025-10-07 00:00:00,schedule_conflict
489,13652,327,5075,2025-09-16 00:00:00,application_sent_by_mistake
490,13653,3060,5075,2025-10-02 00:00:00,application_sent_by_mistake
491,13666,2907,2448,2025-08-22 00:00:00,lost_interest
492,13681,1817,3727,2025-12-28 00:00:00,availability_changed
493,13717,2205,4240,2024-11-11 00:00:00,schedule_conflict
494,13725,2671,4638,2025-09-16 00:00:00,time_zone_issue
495,13742,1103,1713,2025-12-08 00:00:00,lost_interest
496,13746,2862,3883,2025-12-16 00:00:00,schedule_conflict
497,13748,50,4760,2025-06-16 00:00:00,availability_changed
498,13753,779,3809,2025-06-02 00:00:00,not_ready_yet
499,13761,1266,4637,2024-12-29 00:00:00,application_sent_by_mistake
500,13772,1666,5081,2025-09-02 00:00:00,application_sent_by_mistake
501,13773,872,4154,2025-12-10 00:00:00,personal_issue
502,13774,2260,4154,2025-08-20 00:00:00,availability_changed
503,13782,678,4519,2025-10-20 00:00:00,schedule_conflict
504,13783,1597,4519,2025-01-31 00:00:00,accepted_other_offer
505,13808,1088,3187,2025-12-27 00:00:00,personal_issue
506,13812,2160,2628,2025-12-10 00:00:00,time_zone_issue
507,13818,2535,4189,2025-03-14 00:00:00,application_sent_by_mistake
508,13819,1196,2427,2025-06-13 00:00:00,accepted_other_offer
509,13821,1534,5458,2025-08-27 00:00:00,application_sent_by_mistake
510,13824,314,4250,2025-07-09 00:00:00,personal_issue
511,13850,1802,5105,2025-11-20 00:00:00,availability_changed
512,13855,2561,4474,2025-10-11 00:00:00,lost_interest
513,13861,2565,1830,2025-03-27 00:00:00,application_sent_by_mistake
514,13904,698,4352,2025-05-23 00:00:00,accepted_other_offer
515,13906,2197,4634,2025-11-11 00:00:00,not_ready_yet
516,13909,471,2062,2025-04-04 00:00:00,not_ready_yet
517,13945,3137,4639,2025-09-28 00:00:00,schedule_conflict
518,13949,23,4764,2025-04-07 00:00:00,accepted_other_offer
519,13958,233,2700,2025-11-06 00:00:00,application_sent_by_mistake
520,13965,2809,4662,2025-07-05 00:00:00,time_zone_issue
521,13967,994,4027,2025-10-02 00:00:00,availability_changed
522,13990,1645,2475,2025-01-09 00:00:00,schedule_conflict
523,14013,1305,4753,2025-11-30 00:00:00,application_sent_by_mistake
524,14020,367,3916,2025-06-06 00:00:00,accepted_other_offer
525,14021,2886,3916,2025-04-04 00:00:00,accepted_other_offer
526,14071,1395,4705,2024-06-03 00:00:00,lost_interest
527,14090,2429,2145,2025-12-21 00:00:00,lost_interest
528,14091,2546,2145,2025-05-12 00:00:00,schedule_conflict
529,14121,2809,2875,2025-06-05 00:00:00,not_ready_yet
530,14125,1459,4062,2024-12-19 00:00:00,accepted_other_offer
531,14127,41,4062,2025-01-24 00:00:00,accepted_other_offer
532,14129,2503,2249,2025-11-23 00:00:00,application_sent_by_mistake
533,14149,1189,4628,2025-06-01 00:00:00,application_sent_by_mistake
534,14158,72,2411,2025-08-11 00:00:00,availability_changed
535,14163,3158,4975,2025-07-13 00:00:00,accepted_other_offer
536,14172,816,4187,2025-05-08 00:00:00,application_sent_by_mistake
537,14178,1597,5293,2025-02-23 00:00:00,accepted_other_offer
538,14193,535,5289,2025-02-04 00:00:00,time_zone_issue
539,14204,1677,3758,2024-08-19 00:00:00,lost_interest
540,14211,2587,2881,2025-02-21 00:00:00,not_ready_yet
541,14222,2868,3413,2024-12-14 00:00:00,application_sent_by_mistake
542,14230,2996,2907,2025-03-31 00:00:00,availability_changed
543,14250,140,5359,2024-03-27 00:00:00,time_zone_issue
544,14252,2425,5359,2025-10-09 00:00:00,personal_issue
545,14257,2020,2099,2025-08-09 00:00:00,availability_changed
546,14273,60,4281,2025-06-01 00:00:00,schedule_conflict
547,14290,1267,3950,2025-01-18 00:00:00,not_ready_yet
548,14327,924,2203,2025-09-26 00:00:00,personal_issue
549,14354,1101,3383,2025-10-03 00:00:00,lost_interest
550,14380,1222,5302,2024-07-23 00:00:00,accepted_other_offer
551,14382,1296,5345,2025-09-26 00:00:00,lost_interest
552,14403,2375,2026,2025-03-30 00:00:00,accepted_other_offer
553,14404,2758,4622,2025-09-12 00:00:00,availability_changed
554,14411,154,3158,2025-09-11 00:00:00,availability_changed
555,14416,2367,3734,2025-10-22 00:00:00,accepted_other_offer
556,14418,904,3426,2025-08-16 00:00:00,lost_interest
557,14444,766,4704,2025-05-30 00:00:00,time_zone_issue
558,14448,68,3776,2024-06-14 00:00:00,not_ready_yet
559,14457,3186,1682,2025-09-03 00:00:00,personal_issue
560,14463,1861,5235,2025-10-28 00:00:00,availability_changed
561,14482,3066,5230,2025-05-12 00:00:00,personal_issue
562,14496,1907,3834,2025-12-02 00:00:00,time_zone_issue
563,14508,221,2640,2024-06-17 00:00:00,time_zone_issue
564,14509,248,4366,2025-07-22 00:00:00,not_ready_yet
565,14515,2981,4056,2025-02-27 00:00:00,schedule_conflict
566,14543,1115,2460,2025-12-04 00:00:00,availability_changed
567,14557,2460,3136,2024-09-13 00:00:00,schedule_conflict
568,14582,3060,1918,2025-08-23 00:00:00,lost_interest
569,14583,3120,1918,2025-08-18 00:00:00,application_sent_by_mistake
570,14592,488,5149,2025-07-10 00:00:00,schedule_conflict
571,14604,1856,5475,2025-04-30 00:00:00,lost_interest
572,14605,2916,5475,2025-07-27 00:00:00,accepted_other_offer
573,14607,153,5475,2025-10-14 00:00:00,lost_interest
574,14608,1513,2343,2024-05-31 00:00:00,availability_changed
575,14620,956,2783,2025-07-21 00:00:00,accepted_other_offer
576,14645,3039,4958,2025-08-05 00:00:00,application_sent_by_mistake
577,14658,779,4454,2025-06-14 00:00:00,time_zone_issue
578,14661,1750,4305,2025-12-13 00:00:00,application_sent_by_mistake
579,14667,1924,3432,2025-11-10 00:00:00,lost_interest
580,14672,100,4290,2025-10-05 00:00:00,time_zone_issue
581,14690,1254,1950,2025-03-04 00:00:00,lost_interest
582,14693,2206,2070,2025-01-14 00:00:00,application_sent_by_mistake
583,14703,1414,1597,2025-10-28 00:00:00,lost_interest
584,14713,1414,1869,2025-10-28 00:00:00,schedule_conflict
585,14717,3002,2644,2025-11-14 00:00:00,availability_changed
586,14726,1816,1620,2024-11-16 00:00:00,time_zone_issue
587,14732,1284,4604,2025-07-23 00:00:00,not_ready_yet
588,14749,333,4174,2025-07-11 00:00:00,not_ready_yet
589,14755,502,4130,2026-01-10 00:00:00,not_ready_yet
590,14759,2907,4412,2025-08-07 00:00:00,time_zone_issue
591,14762,717,4967,2025-09-16 00:00:00,time_zone_issue
592,14768,77,2725,2025-04-10 00:00:00,availability_changed
593,14770,2253,4287,2025-10-14 00:00:00,time_zone_issue
594,14772,368,4287,2025-05-11 00:00:00,schedule_conflict
595,14773,2171,3110,2025-04-16 00:00:00,application_sent_by_mistake
596,14774,1370,3110,2024-06-21 00:00:00,lost_interest
597,14781,3033,1944,2024-12-31 00:00:00,personal_issue
598,14833,2529,1681,2025-10-06 00:00:00,time_zone_issue
599,14843,2814,4399,2025-03-06 00:00:00,time_zone_issue
600,14846,2084,4879,2026-01-09 00:00:00,not_ready_yet
601,14879,2195,3440,2025-05-18 00:00:00,time_zone_issue
602,14881,2366,4727,2025-12-29 00:00:00,schedule_conflict
603,14917,1559,3259,2025-04-24 00:00:00,time_zone_issue
604,14938,1720,2940,2025-07-23 00:00:00,not_ready_yet
605,15002,2912,1749,2024-08-25 00:00:00,not_ready_yet
606,15011,2173,3277,2025-10-23 00:00:00,lost_interest
607,15015,2204,5358,2025-01-25 00:00:00,time_zone_issue
608,15020,76,3202,2024-04-05 00:00:00,schedule_conflict
609,15022,2244,3202,2025-08-04 00:00:00,lost_interest
610,15039,1662,4266,2024-05-28 00:00:00,personal_issue
611,15048,2833,2502,2025-06-02 00:00:00,not_ready_yet
612,15056,599,2184,2025-08-07 00:00:00,accepted_other_offer
613,15060,2289,4851,2024-11-18 00:00:00,availability_changed
614,15064,779,5229,2025-04-06 00:00:00,not_ready_yet
615,15080,2155,4415,2025-03-25 00:00:00,accepted_other_offer
616,15084,250,2823,2025-07-27 00:00:00,application_sent_by_mistake
617,15090,2273,4377,2025-01-03 00:00:00,not_ready_yet
618,15110,1408,4811,2025-10-01 00:00:00,schedule_conflict
619,15117,1794,2626,2025-07-29 00:00:00,accepted_other_offer
620,15118,2616,2626,2025-10-08 00:00:00,personal_issue
621,15129,1352,5205,2025-03-02 00:00:00,time_zone_issue
622,15144,1574,4220,2025-08-19 00:00:00,time_zone_issue
623,15159,2084,3975,2025-11-14 00:00:00,schedule_conflict
624,15170,1316,1811,2025-11-08 00:00:00,lost_interest
625,15171,819,1811,2025-10-01 00:00:00,availability_changed
626,15179,3096,3075,2025-08-26 00:00:00,schedule_conflict
627,15184,749,3031,2025-06-23 00:00:00,lost_interest
628,15202,600,2917,2025-08-19 00:00:00,personal_issue
629,15207,2468,3922,2025-01-15 00:00:00,not_ready_yet
630,15227,1273,4271,2024-12-02 00:00:00,time_zone_issue
631,15245,2892,5347,2025-09-11 00:00:00,personal_issue
632,15272,1459,3421,2024-11-21 00:00:00,application_sent_by_mistake
633,15275,831,5451,2025-08-21 00:00:00,lost_interest
634,15289,1899,4692,2025-12-16 00:00:00,availability_changed
635,15292,1954,4234,2025-11-06 00:00:00,not_ready_yet
636,15304,462,1690,2025-07-04 00:00:00,lost_interest
637,15306,639,1690,2025-09-08 00:00:00,availability_changed
638,15316,3193,4090,2025-07-01 00:00:00,time_zone_issue
639,15331,842,4269,2025-06-17 00:00:00,schedule_conflict
640,15341,2486,5224,2025-12-06 00:00:00,schedule_conflict
641,15348,1369,1839,2025-10-09 00:00:00,not_ready_yet
642,15353,1959,2661,2025-02-09 00:00:00,schedule_conflict
643,15359,2237,3251,2025-12-10 00:00:00,time_zone_issue
644,15390,1559,5171,2025-07-04 00:00:00,schedule_conflict
645,15393,1994,3821,2025-06-08 00:00:00,not_ready_yet
646,15399,2686,1547,2025-11-21 00:00:00,application_sent_by_mistake
647,15435,1241,3181,2025-01-25 00:00:00,availability_changed
648,15442,43,5241,2025-09-21 00:00:00,personal_issue
649,15445,581,1754,2025-06-15 00:00:00,accepted_other_offer
650,15455,3137,3624,2025-08-02 00:00:00,lost_interest
651,15464,2433,4536,2025-06-30 00:00:00,not_ready_yet
652,15467,2671,5331,2025-12-04 00:00:00,availability_changed
653,15470,2958,2550,2025-10-09 00:00:00,availability_changed
654,15492,1178,4387,2025-03-11 00:00:00,personal_issue
655,15497,56,3940,2025-12-30 00:00:00,lost_interest
656,15499,1935,3940,2025-09-03 00:00:00,not_ready_yet
657,15501,2955,3558,2025-04-07 00:00:00,schedule_conflict
658,15505,1576,5158,2025-04-20 00:00:00,schedule_conflict
659,15506,2251,3977,2025-05-03 00:00:00,availability_changed
660,15514,1152,1765,2025-08-17 00:00:00,availability_changed
661,15515,2037,1765,2025-09-08 00:00:00,schedule_conflict
662,15552,787,5254,2025-10-01 00:00:00,application_sent_by_mistake
663,15554,1469,5254,2025-07-31 00:00:00,availability_changed
664,15556,2291,3626,2025-07-03 00:00:00,time_zone_issue
665,15561,1533,5308,2025-06-16 00:00:00,not_ready_yet
666,15563,1370,2963,2024-07-05 00:00:00,time_zone_issue
667,15578,830,2677,2025-12-06 00:00:00,time_zone_issue
668,15579,101,2677,2025-08-24 00:00:00,time_zone_issue
669,15629,1546,2054,2025-07-15 00:00:00,time_zone_issue
670,15658,221,3896,2024-07-10 00:00:00,schedule_conflict
671,15677,2046,3258,2025-04-22 00:00:00,time_zone_issue
672,15687,307,3687,2025-10-25 00:00:00,application_sent_by_mistake
673,15688,364,3708,2025-11-05 00:00:00,not_ready_yet
674,15695,1662,4229,2024-05-19 00:00:00,availability_changed
675,15701,1032,3479,2025-07-11 00:00:00,lost_interest
676,15703,2687,2614,2024-05-22 00:00:00,application_sent_by_mistake
677,15725,956,3197,2025-06-23 00:00:00,not_ready_yet
678,15733,308,5285,2025-10-11 00:00:00,lost_interest
679,15769,1254,4956,2025-04-03 00:00:00,application_sent_by_mistake
680,15771,43,3728,2025-10-13 00:00:00,accepted_other_offer
681,15775,153,3340,2025-10-29 00:00:00,accepted_other_offer
682,15784,2806,3953,2024-10-05 00:00:00,time_zone_issue
683,15805,1512,3217,2025-12-19 00:00:00,time_zone_issue
684,15806,1720,1606,2025-07-03 00:00:00,personal_issue
685,15815,333,1673,2025-07-12 00:00:00,application_sent_by_mistake
686,15834,759,4322,2025-08-13 00:00:00,availability_changed
687,15839,1909,4179,2025-02-12 00:00:00,availability_changed
688,15842,1718,2868,2024-08-04 00:00:00,schedule_conflict
689,15856,2197,1703,2025-09-10 00:00:00,accepted_other_offer
690,15864,2979,4804,2024-12-30 00:00:00,time_zone_issue
691,15883,1352,4983,2025-05-22 00:00:00,schedule_conflict
692,15892,2833,2650,2025-06-21 00:00:00,lost_interest
693,15900,1801,4466,2025-10-20 00:00:00,lost_interest
694,15924,488,2531,2025-06-16 00:00:00,time_zone_issue
695,15937,1784,1876,2025-05-25 00:00:00,not_ready_yet
696,15942,2882,3139,2025-09-05 00:00:00,availability_changed
697,15946,1042,4795,2026-01-04 00:00:00,schedule_conflict
698,15961,2272,1514,2025-08-31 00:00:00,availability_changed
699,15966,197,3506,2025-07-11 00:00:00,time_zone_issue
700,15996,475,1901,2024-09-06 00:00:00,lost_interest
701,16012,3048,1954,2025-11-18 00:00:00,availability_changed
702,16016,2518,1845,2025-11-28 00:00:00,not_ready_yet
703,16017,1128,1845,2025-11-01 00:00:00,schedule_conflict
704,16033,1455,2553,2025-05-31 00:00:00,time_zone_issue
705,16038,1662,4869,2024-07-08 00:00:00,not_ready_yet
706,16045,1380,4579,2024-11-14 00:00:00,application_sent_by_mistake
707,16049,2198,3618,2025-09-27 00:00:00,schedule_conflict
708,16054,2440,2495,2024-11-10 00:00:00,accepted_other_offer
709,16066,97,3859,2025-07-24 00:00:00,time_zone_issue
710,16076,2563,5142,2025-10-30 00:00:00,personal_issue
711,16089,607,4893,2025-11-14 00:00:00,personal_issue
712,16092,1056,5287,2025-11-19 00:00:00,availability_changed
713,16101,989,4078,2025-10-28 00:00:00,lost_interest
714,16108,233,5040,2025-11-08 00:00:00,lost_interest
715,16114,2529,1603,2025-11-10 00:00:00,schedule_conflict
716,16115,2878,1603,2026-01-15 00:00:00,application_sent_by_mistake
717,16131,977,4974,2025-08-20 00:00:00,accepted_other_offer
718,16139,2791,1615,2025-02-26 00:00:00,application_sent_by_mistake
719,16145,3152,4957,2025-10-21 00:00:00,not_ready_yet
720,16163,1633,3877,2025-07-18 00:00:00,personal_issue
721,16165,252,3877,2025-08-02 00:00:00,application_sent_by_mistake
722,16169,309,1985,2026-01-02 00:00:00,time_zone_issue
723,16184,2972,1966,2025-09-22 00:00:00,not_ready_yet
724,16200,2671,4121,2025-09-22 00:00:00,personal_issue
725,16202,1555,4121,2025-07-25 00:00:00,availability_changed
726,16220,1197,2624,2025-09-23 00:00:00,accepted_other_offer
727,16238,2996,3116,2025-06-14 00:00:00,time_zone_issue
728,16250,2497,2839,2024-11-16 00:00:00,accepted_other_offer
729,16258,887,1850,2025-09-11 00:00:00,time_zone_issue
730,16278,2202,4815,2025-09-09 00:00:00,time_zone_issue
731,16282,2914,1670,2025-10-11 00:00:00,time_zone_issue
732,16286,462,4919,2025-07-19 00:00:00,accepted_other_offer
733,16296,438,2385,2026-01-10 00:00:00,personal_issue
734,16302,473,4885,2025-09-08 00:00:00,availability_changed
735,16324,1576,2499,2025-06-13 00:00:00,schedule_conflict
736,16326,834,2273,2025-09-05 00:00:00,accepted_other_offer
737,16348,2148,2530,2024-11-09 00:00:00,schedule_conflict
738,16354,84,4052,2024-11-14 00:00:00,accepted_other_offer
739,16368,2329,4492,2025-08-24 00:00:00,lost_interest
740,16378,924,1767,2025-10-15 00:00:00,schedule_conflict
741,16382,1039,3203,2025-12-08 00:00:00,lost_interest
742,16394,2714,2570,2025-05-11 00:00:00,schedule_conflict
743,16398,2809,4222,2025-08-25 00:00:00,personal_issue
744,16416,2375,2168,2025-03-19 00:00:00,lost_interest
745,16432,2299,2682,2025-11-22 00:00:00,time_zone_issue
746,16435,3008,4850,2025-12-02 00:00:00,application_sent_by_mistake
747,16436,1,4850,2025-10-20 00:00:00,schedule_conflict
748,16443,431,5371,2025-01-29 00:00:00,availability_changed
749,16451,718,1512,2025-09-13 00:00:00,application_sent_by_mistake
