mentee_id,subdomain_id
1501,4
1501,3
1501,5
1502,14
1502,18
1503,14
1503,18
1504,2
1504,5
1505,11
1505,10
1506,3
1506,2
1507,3
1507,4
1508,17
1508,18
1508,14
1509,14
1509,16
1510,16
1510,18
1511,4
1511,5
1512,11
1512,13
1513,4
1513,2
1513,6
1514,21
1514,20
1515,11
1515,12
1516,23
1516,21
1516,20
1517,2
1517,6
1518,8
1518,11
1519,16
1519,14
1519,15
1520,5
1520,4
1521,10
1521,8
1522,10
1522,7
1523,21
1523,22
1524,1
1524,2
1525,19
1525,22
1526,1
1526,6
1527,11
1527,9
1528,12
1528,8
1529,1
1529,6
1530,23
1530,21
1531,19
1531,20
1531,23
1532,19
1532,22
1533,23
1533,20
1534,12
1534,11
1535,11
1535,9
1536,16
1536,15
1537,6
1537,4
1537,5
1538,18
1538,15
1538,17
1539,10
1539,9
1540,10
1540,12
1540,11
1541,3
1541,6
1541,1
1542,2
1542,1
1543,4
1543,2
1544,6
1544,5
1545,4
1545,2
1546,3
1546,2
1547,4
1547,5
1548,9
1548,7
1549,4
1549,6
1549,1
1550,16
1550,17
1551,3
1551,1
1552,11
1552,10
1552,7
1553,1
1553,5
1554,11
1554,13
1554,9
1555,7
1555,9
1556,9
1556,11
1557,2
1557,4
1558,7
1558,9
1559,2
1559,1
1560,10
1560,12
1561,4
1561,6
1562,9
1562,7
1563,6
1563,1
1564,18
1564,16
1565,6
1565,3
1566,5
1566,3
1567,3
1567,1
1567,5
1568,5
1568,6
1569,7
1569,8
1569,9
1570,18
1570,15
1571,18
1571,14
1572,6
1572,1
1573,1
1573,4
1574,18
1574,14
1575,3
1575,1
1576,3
1576,6
1577,15
1577,18
1578,1
1578,4
1579,4
1579,3
1580,6
1580,2
1581,10
1581,8
1582,5
1582,1
1583,8
1583,9
1584,3
1584,5
1584,6
1585,5
1585,1
1586,2
1586,5
1587,14
1587,15
1588,1
1588,4
1589,17
1589,15
1590,6
1590,3
1590,5
1591,5
1591,4
1591,2
1592,5
1592,3
1593,7
1593,13
1594,7
1594,11
1595,14
1595,18
1596,20
1596,22
1597,14
1597,15
1598,11
1598,9
1599,11
1599,7
1600,13
1600,9
1601,2
1601,1
1602,18
1602,17
1603,15
1603,14
1604,2
1604,1
1605,22
1605,23
1606,16
1606,15
1607,5
1607,4
1608,23
1608,21
1608,19
1609,5
1609,4
1610,2
1610,6
1611,2
1611,4
1612,8
1612,11
1613,5
1613,2
1614,20
1614,21
1615,1
1615,2
1616,6
1616,4
1617,9
1617,13
1618,3
1618,2
1619,18
1619,16
1620,3
1620,6
1621,22
1621,21
1622,12
1622,10
1623,5
1623,6
1624,6
1624,1
1625,6
1625,2
1626,21
1626,23
1627,10
1627,12
1627,13
1628,1
1628,4
1628,3
1629,1
1629,5
1629,3
1630,14
1630,15
1631,6
1631,3
1631,1
1632,17
1632,14
1632,15
1633,16
1633,18
1634,6
1634,3
1635,10
1635,13
1635,9
1636,1
1636,3
1637,5
1637,3
1638,22
1638,20
1639,11
1639,9
1640,18
1640,17
1640,16
1641,13
1641,11
1641,9
1642,3
1642,2
1643,17
1643,15
1643,16
1644,8
1644,12
1644,7
1645,4
1645,3
1646,5
1646,2
1647,10
1647,7
1648,17
1648,15
1648,14
1649,6
1649,5
1650,16
1650,18
1650,17
1651,5
1651,3
1651,1
1652,5
1652,1
1652,4
1653,6
1653,5
1653,3
1654,16
1654,18
1655,2
1655,6
1655,1
1656,7
1656,12
1656,8
1657,4
1657,3
1658,10
1658,12
1659,17
1659,15
1660,3
1660,6
1661,20
1661,23
1662,6
1662,1
1663,2
1663,3
1664,10
1664,11
1665,14
1665,18
1666,4
1666,6
1667,11
1667,8
1668,4
1668,2
1669,11
1669,7
1670,13
1670,9
1671,21
1671,22
1671,19
1672,11
1672,10
1672,7
1673,11
1673,13
1674,13
1674,9
1675,1
1675,2
1676,4
1676,6
1677,19
1677,23
1677,21
1678,5
1678,3
1679,16
1679,18
1680,5
1680,3
1681,17
1681,14
1682,3
1682,4
1683,21
1683,19
1684,9
1684,8
1685,2
1685,5
1685,3
1686,12
1686,7
1686,13
1687,12
1687,11
1688,2
1688,6
1689,4
1689,1
1690,18
1690,14
1691,14
1691,15
1692,3
1692,1
1693,15
1693,16
1694,4
1694,3
1695,5
1695,6
1696,8
1696,7
1697,3
1697,2
1698,5
1698,6
1699,13
1699,12
1699,9
1700,6
1700,5
1701,2
1701,6
1702,15
1702,16
1703,13
1703,12
1704,14
1704,16
1705,12
1705,9
1706,8
1706,10
1707,4
1707,2
1708,17
1708,18
1709,2
1709,6
1710,2
1710,4
1711,16
1711,17
1712,17
1712,18
1713,9
1713,11
1714,4
1714,3
1715,4
1715,2
1716,11
1716,9
1717,18
1717,16
1718,13
1718,8
1719,2
1719,3
1719,4
1720,4
1720,6
1721,12
1721,7
1721,9
1722,7
1722,11
1722,12
1723,1
1723,4
1724,4
1724,6
1725,1
1725,4
1726,2
1726,1
1727,8
1727,11
1728,3
1728,2
1728,5
1729,7
1729,9
1730,18
1730,15
1731,20
1731,22
1732,22
1732,19
1733,6
1733,5
1734,1
1734,5
1735,6
1735,5
1735,4
1736,15
1736,16
1736,18
1737,5
1737,1
1737,6
1738,6
1738,3
1739,4
1739,1
1740,4
1740,5
1741,14
1741,16
1742,11
1742,12
1743,13
1743,8
1743,10
1744,21
1744,19
1745,2
1745,1
1746,3
1746,6
1746,5
1747,6
1747,4
1748,12
1748,11
1749,13
1749,12
1750,2
1750,4
1751,23
1751,20
1751,21
1752,6
1752,1
1753,4
1753,3
1753,2
1754,13
1754,10
1755,20
1755,21
1756,7
1756,12
1757,23
1757,22
1757,21
1758,1
1758,6
1758,3
1759,8
1759,11
1760,14
1760,18
1761,7
1761,13
1762,4
1762,3
1763,22
1763,20
1764,5
1764,6
1765,1
1765,4
1765,2
1766,18
1766,17
1767,23
1767,19
1768,19
1768,21
1768,20
1769,17
1769,18
1770,1
1770,4
1771,20
1771,19
1772,4
1772,5
1772,1
1773,9
1773,8
1774,6
1774,4
1775,14
1775,18
1776,10
1776,9
1777,14
1777,15
1777,18
1778,6
1778,2
1779,5
1779,3
1780,5
1780,3
1780,2
1781,1
1781,2
1782,12
1782,7
1783,2
1783,3
1784,7
1784,12
1785,1
1785,6
1786,4
1786,6
1787,9
1787,10
1788,3
1788,5
1788,2
1789,2
1789,5
1790,5
1790,3
1790,4
1791,6
1791,3
1792,12
1792,9
1792,11
1793,4
1793,3
1793,1
1794,5
1794,3
1795,13
1795,9
1796,8
1796,10
1797,11
1797,7
1797,8
1798,3
1798,5
1799,21
1799,22
1800,4
1800,5
1801,5
1801,1
1802,22
1802,23
1802,19
1803,10
1803,8
1804,9
1804,11
1805,16
1805,15
1806,1
1806,2
1806,3
1807,18
1807,15
1808,7
1808,10
1809,6
1809,2
1809,1
1810,5
1810,2
1810,6
1811,1
1811,3
1811,4
1812,19
1812,21
1813,4
1813,1
1814,6
1814,5
1814,3
1815,13
1815,12
1816,14
1816,17
1817,5
1817,1
1818,17
1818,15
1818,18
1819,10
1819,8
1820,16
1820,18
1821,3
1821,4
1822,3
1822,2
1823,10
1823,8
1824,3
1824,4
1825,13
1825,12
1825,7
1826,3
1826,5
1827,14
1827,16
1828,15
1828,18
1828,16
1829,15
1829,16
1830,22
1830,21
1831,22
1831,23
1832,5
1832,4
1833,5
1833,4
1834,16
1834,17
1835,19
1835,23
1836,22
1836,20
1837,15
1837,18
1838,3
1838,5
1838,6
1839,20
1839,19
1840,19
1840,20
1840,22
1841,9
1841,13
1842,17
1842,14
1843,7
1843,12
1844,23
1844,19
1845,6
1845,4
1845,1
1846,15
1846,17
1847,4
1847,1
1848,3
1848,5
1849,4
1849,1
1850,9
1850,10
1851,4
1851,2
1852,21
1852,23
1853,12
1853,8
1854,16
1854,15
1855,3
1855,4
1856,3
1856,6
1857,17
1857,18
1858,18
1858,14
1859,13
1859,9
1859,8
1860,16
1860,17
1861,17
1861,18
1862,11
1862,13
1863,19
1863,20
1864,17
1864,18
1865,8
1865,7
1866,1
1866,3
1867,6
1867,3
1868,1
1868,5
1868,6
1869,15
1869,17
1870,14
1870,15
1871,2
1871,6
1871,4
1872,10
1872,8
1873,5
1873,3
1874,5
1874,3
1875,23
1875,19
1876,4
1876,6
1877,2
1877,5
1878,11
1878,12
1879,6
1879,2
1880,14
1880,18
1880,15
1881,22
1881,20
1882,9
1882,7
1883,10
1883,8
1884,6
1884,5
1885,13
1885,7
1885,10
1886,3
1886,5
1887,5
1887,6
1888,18
1888,14
1889,5
1889,6
1889,2
1890,13
1890,11
1891,1
1891,6
1892,15
1892,16
1893,4
1893,3
1894,5
1894,4
1895,18
1895,14
1896,9
1896,7
1897,19
1897,23
1898,2
1898,4
1898,6
1899,18
1899,14
1900,22
1900,20
1901,10
1901,11
1902,13
1902,12
1903,3
1903,6
1903,1
1904,16
1904,17
1905,21
1905,19
1906,14
1906,18
1907,23
1907,20
1908,13
1908,7
1909,10
1909,13
1910,4
1910,2
1911,15
1911,17
1912,14
1912,15
1912,16
1913,9
1913,12
1914,3
1914,5
1914,1
1915,9
1915,7
1915,13
1916,14
1916,15
1917,23
1917,19
1918,4
1918,3
1919,1
1919,3
1920,5
1920,2
1921,6
1921,2
1921,5
1922,22
1922,20
1923,1
1923,6
1923,5
1924,11
1924,7
1925,2
1925,6
1926,2
1926,4
1927,21
1927,22
1927,23
1928,10
1928,11
1929,4
1929,5
1930,4
1930,6
1931,22
1931,20
1932,22
1932,20
1933,1
1933,5
1934,8
1934,13
1935,3
1935,4
1936,12
1936,9
1936,13
1937,1
1937,3
1938,14
1938,17
1939,23
1939,19
1940,4
1940,1
1940,5
1941,10
1941,7
1942,5
1942,1
1942,2
1943,6
1943,1
1944,6
1944,5
1945,5
1945,3
1945,4
1946,19
1946,22
1947,6
1947,2
1948,15
1948,14
1948,16
1949,6
1949,1
1950,11
1950,9
1951,8
1951,12
1951,10
1952,19
1952,23
1953,2
1953,6
1954,5
1954,6
1955,17
1955,16
1956,17
1956,16
1956,14
1957,9
1957,7
1957,12
1958,1
1958,6
1959,5
1959,4
1960,18
1960,16
1960,14
1961,10
1961,8
1962,7
1962,12
1963,6
1963,5
1963,3
1964,2
1964,3
1965,22
1965,23
1966,16
1966,18
1967,5
1967,1
1967,2
1968,19
1968,23
1969,9
1969,12
1970,1
1970,4
1971,5
1971,1
1971,6
1972,15
1972,18
1973,3
1973,1
1974,11
1974,12
1975,16
1975,14
1975,18
1976,1
1976,6
1977,21
1977,22
1978,5
1978,2
1979,2
1979,3
1980,7
1980,11
1981,8
1981,10
1982,6
1982,5
1982,2
1983,7
1983,9
1984,22
1984,23
1985,17
1985,15
1985,18
1986,15
1986,16
1987,2
1987,3
1988,6
1988,4
1989,11
1989,7
1990,2
1990,5
1990,1
1991,15
1991,17
1992,5
1992,4
1993,6
1993,5
1994,5
1994,3
1995,6
1995,4
1996,4
1996,1
1997,10
1997,13
1998,10
1998,9
1999,5
1999,3
2000,5
2000,2
2001,18
2001,17
2001,16
2002,5
2002,3
2003,12
2003,10
2004,11
2004,8
2005,12
2005,11
2006,16
2006,17
2006,14
2007,8
2007,10
2007,11
2008,21
2008,19
2008,23
2009,18
2009,14
2010,6
2010,5
2011,3
2011,6
2012,2
2012,5
2013,1
2013,6
2014,7
2014,9
2015,5
2015,4
2016,3
2016,1
2017,5
2017,2
2018,11
2018,9
2018,10
2019,8
2019,12
2019,10
2020,22
2020,23
2021,6
2021,4
2022,2
2022,1
2023,23
2023,19
2024,10
2024,8
2025,10
2025,8
2026,13
2026,8
2027,3
2027,5
2028,18
2028,14
2029,11
2029,9
2030,12
2030,13
2031,7
2031,11
2032,6
2032,4
2033,5
2033,6
2033,1
2034,14
2034,17
2035,9
2035,10
2036,4
2036,5
2037,3
2037,1
2038,22
2038,21
2039,3
2039,6
2040,4
2040,1
2040,6
2041,12
2041,8
2041,7
2042,18
2042,17
2042,14
2043,13
2043,11
2044,14
2044,18
2045,6
2045,5
2046,22
2046,20
2047,21
2047,23
2048,11
2048,9
2049,7
2049,13
2050,2
2050,6
2051,2
2051,3
2052,5
2052,1
2052,6
2053,1
2053,2
2054,22
2054,19
2055,5
2055,3
2056,9
2056,7
2057,6
2057,1
2058,5
2058,2
2058,4
2059,5
2059,1
2060,1
2060,3
2061,9
2061,8
2061,13
2062,21
2062,22
2063,2
2063,6
2064,21
2064,19
2065,7
2065,13
2066,10
2066,12
2067,1
2067,5
2068,1
2068,4
2069,18
2069,14
2069,15
2070,13
2070,7
2070,12
2071,4
2071,2
2072,16
2072,15
2073,3
2073,4
2074,15
2074,17
2075,6
2075,3
2076,21
2076,20
2077,5
2077,4
2078,2
2078,4
2079,11
2079,13
2080,3
2080,4
2081,20
2081,21
2082,10
2082,9
2082,13
2083,5
2083,4
2083,2
2084,5
2084,6
2085,23
2085,21
2086,12
2086,9
2087,14
2087,18
2088,5
2088,6
2089,21
2089,22
2089,19
2090,13
2090,9
2091,7
2091,12
2092,5
2092,1
2093,1
2093,2
2094,20
2094,19
2095,23
2095,22
2095,20
2096,4
2096,6
2096,1
2097,20
2097,22
2098,1
2098,6
2098,5
2099,3
2099,1
2099,5
2100,6
2100,2
2101,4
2101,1
2101,3
2102,2
2102,4
2102,6
2103,4
2103,5
2104,2
2104,3
2105,16
2105,15
2106,15
2106,18
2107,11
2107,9
2108,2
2108,1
2108,6
2109,15
2109,17
2110,3
2110,4
2111,14
2111,16
2112,9
2112,8
2112,13
2113,3
2113,6
2114,5
2114,3
2115,18
2115,16
2116,20
2116,22
2117,8
2117,13
2118,19
2118,21
2119,22
2119,20
2120,6
2120,1
2121,15
2121,18
2122,6
2122,4
2123,13
2123,8
2124,3
2124,2
2125,20
2125,19
2126,15
2126,14
2127,2
2127,5
2128,1
2128,5
2129,2
2129,4
2130,16
2130,17
2131,20
2131,19
2132,5
2132,3
2132,2
2133,13
2133,9
2133,8
2134,7
2134,11
2135,2
2135,1
2136,9
2136,12
2137,4
2137,3
2138,3
2138,5
2139,3
2139,1
2140,22
2140,23
2141,1
2141,3
2142,4
2142,2
2143,16
2143,18
2144,21
2144,19
2144,23
2145,13
2145,8
2146,3
2146,6
2147,10
2147,13
2148,1
2148,4
2148,2
2149,9
2149,10
2150,1
2150,2
2151,1
2151,5
2152,3
2152,4
2152,5
2153,15
2153,17
2154,3
2154,6
2155,5
2155,4
2156,10
2156,9
2157,14
2157,15
2158,1
2158,2
2159,9
2159,12
2160,12
2160,8
2161,2
2161,6
2162,22
2162,20
2163,14
2163,17
2163,15
2164,6
2164,1
2165,6
2165,1
2166,2
2166,3
2167,5
2167,3
2168,7
2168,8
2169,23
2169,19
2169,22
2170,17
2170,18
2170,14
2171,5
2171,4
2172,4
2172,3
2172,6
2173,5
2173,6
2174,8
2174,11
2174,10
2175,3
2175,4
2175,1
2176,23
2176,19
2176,20
2177,18
2177,14
2178,5
2178,4
2179,13
2179,9
2180,9
2180,10
2181,14
2181,15
2182,8
2182,10
2183,2
2183,5
2183,3
2184,8
2184,13
2185,5
2185,6
2186,8
2186,12
2187,5
2187,2
2188,7
2188,12
2189,15
2189,17
2190,1
2190,3
2191,6
2191,3
2192,17
2192,14
2192,18
2193,5
2193,2
2194,13
2194,7
2195,11
2195,8
2196,1
2196,2
2196,4
2197,16
2197,18
2198,9
2198,12
2199,9
2199,12
2200,3
2200,4
2200,1
2201,2
2201,5
2202,3
2202,2
2203,23
2203,20
2204,18
2204,17
2205,17
2205,15
2206,6
2206,1
2207,10
2207,12
2208,14
2208,17
2209,12
2209,13
2210,1
2210,4
2211,14
2211,15
2212,2
2212,5
2213,3
2213,2
2214,19
2214,20
2215,12
2215,7
2216,5
2216,2
2217,7
2217,12
2217,11
2218,20
2218,22
2219,4
2219,3
2220,18
2220,15
2221,6
2221,4
2221,2
2222,5
2222,2
2223,6
2223,1
2224,8
2224,12
2225,1
2225,3
2225,2
2226,6
2226,1
2227,10
2227,8
2227,12
2228,10
2228,7
2229,17
2229,14
2230,16
2230,18
2231,6
2231,4
2232,5
2232,1
2233,8
2233,7
2234,13
2234,7
2235,5
2235,6
2235,3
2236,6
2236,3
2237,5
2237,1
2238,4
2238,6
2239,22
2239,23
2240,12
2240,11
2241,6
2241,5
2241,3
2242,10
2242,11
2243,10
2243,8
2244,1
2244,2
2244,6
2245,1
2245,2
2246,15
2246,16
2247,6
2247,2
2248,8
2248,12
2249,13
2249,8
2250,17
2250,14
2251,20
2251,19
2252,16
2252,17
2253,12
2253,13
2254,5
2254,3
2255,11
2255,8
2256,14
2256,17
2257,23
2257,20
2257,21
2258,14
2258,18
2259,3
2259,1
2260,18
2260,14
2261,15
2261,18
2262,9
2262,10
2263,12
2263,10
2264,13
2264,9
2265,12
2265,10
2266,1
2266,2
2267,1
2267,4
2268,15
2268,17
2269,21
2269,23
2270,16
2270,14
2270,18
2271,4
2271,2
2272,3
2272,4
2273,2
2273,6
2274,16
2274,18
2274,17
2275,13
2275,12
2275,10
2276,21
2276,20
2277,3
2277,4
2278,9
2278,8
2279,17
2279,15
2280,3
2280,2
2281,22
2281,23
2282,8
2282,12
2283,6
2283,4
2284,5
2284,6
2285,16
2285,14
2286,13
2286,11
2286,9
2287,18
2287,14
2288,16
2288,17
2289,4
2289,2
2290,14
2290,17
2291,21
2291,20
2292,2
2292,5
2293,15
2293,17
2294,3
2294,5
2295,5
2295,4
2296,2
2296,3
2297,17
2297,16
2298,3
2298,6
2299,6
2299,5
2300,10
2300,13
2301,6
2301,3
2302,16
2302,18
2302,14
2303,23
2303,19
2304,4
2304,1
2304,3
2305,4
2305,5
2305,3
2306,19
2306,21
2307,1
2307,5
2308,4
2308,2
2309,20
2309,23
2310,17
2310,18
2311,9
2311,10
2312,7
2312,12
2313,20
2313,22
2314,13
2314,11
2315,8
2315,11
2316,15
2316,17
2317,7
2317,11
2318,7
2318,11
2319,3
2319,1
2320,13
2320,11
2320,10
2321,8
2321,13
2322,3
2322,2
2323,4
2323,6
2324,15
2324,17
2325,6
2325,4
2325,2
2326,6
2326,4
2327,1
2327,2
2328,2
2328,1
2329,17
2329,15
2330,1
2330,5
2330,3
2331,2
2331,5
2332,16
2332,15
2333,2
2333,5
2334,5
2334,3
2334,4
2335,14
2335,16
2336,9
2336,12
2337,17
2337,18
2338,18
2338,15
2339,21
2339,20
2340,6
2340,4
2341,17
2341,14
2342,18
2342,14
2343,5
2343,2
2344,21
2344,23
2345,2
2345,6
2345,3
2346,17
2346,18
2346,14
2347,7
2347,11
2348,10
2348,8
2349,1
2349,3
2349,6
2350,21
2350,20
2351,12
2351,9
2351,11
2352,1
2352,2
2353,2
2353,5
2353,6
2354,18
2354,17
2355,3
2355,4
2356,11
2356,10
2357,9
2357,11
2358,5
2358,1
2359,11
2359,9
2360,1
2360,6
2361,22
2361,21
2361,19
2362,18
2362,17
2363,1
2363,6
2364,8
2364,13
2364,11
2365,9
2365,11
2366,23
2366,20
2367,5
2367,2
2368,9
2368,11
2369,22
2369,20
2370,6
2370,1
2370,5
2371,11
2371,7
2372,1
2372,6
2373,9
2373,8
2374,4
2374,1
2375,20
2375,19
2376,4
2376,5
2376,1
2377,4
2377,5
2378,16
2378,15
2379,14
2379,16
2380,11
2380,7
2381,18
2381,14
2382,2
2382,4
2383,9
2383,7
2384,6
2384,3
2385,6
2385,1
2386,19
2386,22
2387,17
2387,18
2388,1
2388,2
2389,1
2389,4
2389,6
2390,20
2390,19
2391,5
2391,4
2392,6
2392,2
2393,2
2393,6
2393,5
2394,1
2394,4
2394,2
2395,6
2395,2
2396,23
2396,20
2397,2
2397,6
2398,10
2398,12
2399,16
2399,18
2400,10
2400,13
2401,17
2401,14
2401,18
2402,9
2402,11
2403,13
2403,9
2403,12
2404,8
2404,10
2405,18
2405,15
2406,16
2406,14
2407,15
2407,17
2408,5
2408,6
2408,3
2409,7
2409,13
2410,17
2410,18
2411,6
2411,3
2411,1
2412,16
2412,15
2413,3
2413,5
2414,3
2414,6
2414,2
2415,15
2415,18
2415,17
2416,2
2416,4
2417,1
2417,6
2418,3
2418,2
2419,18
2419,14
2420,11
2420,7
2420,13
2421,7
2421,10
2421,8
2422,16
2422,18
2423,10
2423,7
2424,19
2424,23
2425,18
2425,15
2425,14
2426,1
2426,6
2426,4
2427,23
2427,20
2428,10
2428,7
2429,3
2429,1
2429,5
2430,1
2430,4
2431,12
2431,11
2432,1
2432,6
2433,11
2433,10
2434,2
2434,4
2435,11
2435,9
2436,4
2436,6
2437,18
2437,17
2438,2
2438,1
2438,5
2439,5
2439,2
2440,2
2440,5
2441,8
2441,10
2442,11
2442,8
2443,13
2443,10
2443,9
2444,1
2444,6
2444,2
2445,14
2445,16
2446,13
2446,8
2446,12
2447,4
2447,5
2447,3
2448,17
2448,18
2449,9
2449,10
2450,12
2450,7
2450,8
2451,6
2451,2
2452,2
2452,1
2453,13
2453,9
2454,5
2454,3
2454,2
2455,2
2455,5
2455,4
2456,21
2456,22
2457,9
2457,10
2458,1
2458,2
2459,1
2459,4
2460,18
2460,17
2461,3
2461,1
2462,5
2462,2
2463,3
2463,2
2463,6
2464,16
2464,15
2465,8
2465,11
2466,2
2466,4
2467,3
2467,5
2468,8
2468,10
2469,12
2469,9
2470,10
2470,7
2471,1
2471,4
2472,17
2472,15
2472,18
2473,23
2473,19
2474,7
2474,12
2474,11
2475,5
2475,4
2476,11
2476,7
2477,4
2477,2
2478,6
2478,5
2479,2
2479,1
2479,3
2480,19
2480,20
2481,1
2481,4
2482,17
2482,15
2482,18
2483,12
2483,9
2483,11
2484,12
2484,11
2485,3
2485,1
2485,6
2486,13
2486,11
2487,4
2487,1
2487,2
2488,13
2488,12
2489,1
2489,6
2490,2
2490,3
2491,9
2491,13
2492,6
2492,3
2492,1
2493,2
2493,3
2493,4
2494,20
2494,19
2495,4
2495,1
2496,1
2496,6
2497,3
2497,1
2498,1
2498,4
2499,8
2499,7
2500,3
2500,5
2500,4
2501,12
2501,13
2502,9
2502,12
2503,5
2503,3
2504,19
2504,22
2504,23
2505,21
2505,20
2506,6
2506,3
2507,4
2507,5
2508,5
2508,6
2509,6
2509,5
2510,8
2510,9
2510,12
2511,12
2511,7
2512,4
2512,5
2513,3
2513,6
2514,3
2514,2
2515,21
2515,19
2515,23
2516,22
2516,20
2517,1
2517,3
2518,8
2518,7
2519,10
2519,9
2520,12
2520,13
2521,11
2521,7
2521,9
2522,14
2522,16
2523,3
2523,1
2524,3
2524,2
2525,19
2525,21
2526,1
2526,3
2526,4
2527,2
2527,4
2528,18
2528,14
2529,17
2529,15
2530,9
2530,12
2531,15
2531,18
2532,7
2532,11
2533,5
2533,6
2534,13
2534,9
2535,15
2535,18
2536,15
2536,17
2537,2
2537,3
2538,5
2538,4
2539,16
2539,14
2540,5
2540,6
2541,4
2541,6
2542,17
2542,16
2543,9
2543,8
2544,5
2544,1
2545,4
2545,3
2546,4
2546,1
2547,16
2547,17
2548,12
2548,9
2549,6
2549,4
2550,3
2550,1
2551,5
2551,4
2552,4
2552,2
2553,4
2553,3
2554,12
2554,13
2554,8
2555,5
2555,3
2556,5
2556,6
2557,13
2557,11
2558,4
2558,2
2559,6
2559,5
2560,4
2560,2
2561,4
2561,2
2562,2
2562,3
2563,16
2563,18
2563,15
2564,4
2564,5
2565,17
2565,18
2566,15
2566,17
2567,5
2567,1
2568,6
2568,1
2569,2
2569,5
2570,1
2570,6
2571,12
2571,8
2571,7
2572,6
2572,2
2573,14
2573,17
2574,9
2574,10
2575,17
2575,15
2576,17
2576,15
2577,12
2577,11
2577,8
2578,21
2578,22
2579,19
2579,20
2579,21
2580,1
2580,2
2581,5
2581,6
2582,3
2582,4
2583,6
2583,4
2584,9
2584,7
2584,12
2585,2
2585,1
2586,7
2586,12
2587,16
2587,18
2588,5
2588,4
2589,12
2589,10
2590,3
2590,4
2591,18
2591,15
2591,14
2592,11
2592,12
2593,2
2593,4
2594,13
2594,8
2595,1
2595,6
2596,17
2596,14
2597,10
2597,7
2598,6
2598,2
2599,7
2599,13
2600,17
2600,15
2600,14
2601,15
2601,18
2602,11
2602,10
2602,7
2603,14
2603,17
2603,15
2604,3
2604,2
2604,5
2605,16
2605,17
2605,14
2606,14
2606,17
2606,18
2607,2
2607,3
2607,1
2608,1
2608,3
2609,1
2609,3
2610,4
2610,5
2611,6
2611,2
2612,2
2612,5
2613,8
2613,7
2614,4
2614,1
2615,5
2615,4
2616,13
2616,8
2617,4
2617,2
2618,3
2618,4
2619,17
2619,15
2620,21
2620,23
2621,13
2621,11
2622,2
2622,3
2622,6
2623,1
2623,3
2623,4
2624,20
2624,21
2625,7
2625,8
2626,17
2626,14
2626,16
2627,7
2627,9
2627,13
2628,4
2628,1
2629,5
2629,4
2629,2
2630,17
2630,16
2631,18
2631,15
2632,6
2632,5
2632,3
2633,11
2633,8
2634,4
2634,1
2635,22
2635,20
2636,4
2636,6
2637,14
2637,15
2638,4
2638,2
2639,10
2639,7
2639,9
2640,10
2640,7
2641,1
2641,5
2641,2
2642,16
2642,15
2643,14
2643,17
2644,16
2644,17
2644,14
2645,6
2645,3
2645,4
2646,18
2646,15
2647,10
2647,7
2647,8
2648,11
2648,10
2649,13
2649,7
2650,10
2650,9
2651,1
2651,3
2652,2
2652,4
2653,4
2653,6
2654,5
2654,4
2655,6
2655,5
2656,6
2656,2
2657,15
2657,18
2658,13
2658,11
2658,8
2659,2
2659,4
2660,15
2660,16
2661,23
2661,22
2662,16
2662,14
2663,18
2663,16
2664,23
2664,22
2665,9
2665,11
2666,22
2666,21
2667,23
2667,20
2668,1
2668,5
2668,2
2669,15
2669,16
2669,17
2670,16
2670,17
2670,15
2671,17
2671,16
2672,18
2672,15
2673,6
2673,3
2674,2
2674,6
2674,3
2675,8
2675,9
2676,16
2676,15
2677,14
2677,17
2678,16
2678,17
2679,17
2679,16
2680,19
2680,21
2681,5
2681,6
2682,19
2682,20
2682,21
2683,3
2683,4
2684,12
2684,10
2685,2
2685,1
2686,9
2686,11
2687,2
2687,6
2688,5
2688,1
2689,10
2689,13
2689,11
2690,14
2690,16
2691,3
2691,4
2691,5
2692,11
2692,10
2693,6
2693,4
2694,4
2694,1
2695,4
2695,5
2696,8
2696,7
2697,16
2697,15
2697,17
2698,10
2698,9
2699,17
2699,18
2699,14
2700,8
2700,7
2700,11
2701,17
2701,16
2702,20
2702,19
2702,21
2703,1
2703,4
2704,4
2704,6
2705,1
2705,5
2706,7
2706,10
2706,8
2707,9
2707,8
2708,1
2708,3
2709,18
2709,16
2709,17
2710,20
2710,22
2711,4
2711,1
2711,5
2712,1
2712,3
2713,6
2713,2
2713,5
2714,4
2714,1
2715,16
2715,17
2716,10
2716,7
2717,5
2717,2
2718,7
2718,9
2719,3
2719,5
2719,6
2720,1
2720,4
2721,2
2721,5
2722,12
2722,9
2723,13
2723,8
2724,15
2724,17
2724,16
2725,3
2725,6
2725,2
2726,17
2726,14
2726,18
2727,5
2727,4
2727,6
2728,6
2728,3
2728,2
2729,16
2729,15
2729,18
2730,12
2730,11
2731,5
2731,2
2732,12
2732,10
2732,7
2733,14
2733,15
2734,19
2734,23
2735,13
2735,8
2736,2
2736,3
2737,10
2737,9
2737,12
2738,2
2738,3
2738,4
2739,5
2739,2
2740,7
2740,12
2741,16
2741,17
2742,5
2742,3
2743,15
2743,18
2744,17
2744,18
2745,16
2745,14
2745,17
2746,1
2746,6
2747,6
2747,4
2748,3
2748,1
2748,6
2749,6
2749,4
2750,6
2750,5
2751,6
2751,5
2751,3
2752,3
2752,5
2753,2
2753,4
2754,23
2754,22
2754,20
2755,14
2755,16
2756,6
2756,1
2757,21
2757,22
2757,19
2758,3
2758,5
2758,1
2759,2
2759,6
2760,15
2760,17
2760,18
2761,6
2761,1
2761,2
2762,3
2762,2
2762,6
2763,5
2763,6
2764,12
2764,13
2765,7
2765,13
2766,1
2766,2
2767,4
2767,3
2768,3
2768,4
2769,7
2769,9
2770,1
2770,6
2771,16
2771,14
2772,16
2772,15
2773,3
2773,2
2774,18
2774,16
2775,4
2775,6
2776,5
2776,3
2776,6
2777,2
2777,1
2778,13
2778,8
2779,16
2779,17
2780,19
2780,20
2781,4
2781,6
2782,2
2782,5
2783,10
2783,9
2784,6
2784,1
2785,1
2785,6
2785,3
2786,21
2786,22
2787,16
2787,17
2788,22
2788,21
2789,2
2789,5
2790,4
2790,2
2790,6
2791,4
2791,1
2792,22
2792,20
2793,5
2793,2
2794,5
2794,6
2795,3
2795,6
2796,18
2796,17
2797,17
2797,16
2797,18
2798,11
2798,9
2799,1
2799,4
2799,5
2800,17
2800,14
2801,1
2801,2
2801,5
2802,2
2802,1
2803,3
2803,1
2804,9
2804,7
2805,6
2805,5
2805,4
2806,21
2806,19
2807,13
2807,7
2808,1
2808,6
2808,5
2809,11
2809,9
2810,13
2810,7
2811,5
2811,3
2811,4
2812,7
2812,10
2813,2
2813,4
2814,2
2814,5
2814,4
2815,16
2815,15
2816,12
2816,11
2817,1
2817,3
2817,2
2818,6
2818,1
2819,7
2819,11
2820,2
2820,5
2821,22
2821,21
2822,13
2822,10
2823,15
2823,16
2824,5
2824,1
2825,18
2825,17
2826,4
2826,5
2827,4
2827,2
2828,5
2828,1
2829,4
2829,1
2829,2
2830,21
2830,20
2831,16
2831,17
2832,8
2832,10
2833,11
2833,9
2834,9
2834,8
2835,13
2835,8
2836,18
2836,14
2837,9
2837,8
2838,18
2838,16
2839,2
2839,3
2840,22
2840,23
2841,6
2841,3
2842,5
2842,6
2843,15
2843,14
2844,5
2844,3
2845,4
2845,2
2845,5
2846,5
2846,6
2847,2
2847,6
2848,21
2848,22
2849,14
2849,15
2850,13
2850,9
2851,21
2851,19
2852,8
2852,10
2853,14
2853,18
2854,2
2854,1
2855,9
2855,12
2856,3
2856,4
2857,2
2857,4
2858,14
2858,15
2859,3
2859,1
2860,11
2860,12
2861,7
2861,11
2862,1
2862,5
2863,5
2863,2
2864,11
2864,10
2865,15
2865,17
2866,6
2866,1
2867,19
2867,21
2868,16
2868,15
2869,12
2869,8
2870,1
2870,3
2871,14
2871,17
2872,15
2872,16
2873,3
2873,6
2873,2
2874,23
2874,20
2875,22
2875,23
2875,20
2876,11
2876,10
2877,17
2877,18
2877,15
2878,7
2878,13
2879,16
2879,15
2880,17
2880,16
2881,5
2881,3
2881,1
2882,1
2882,4
2882,3
2883,3
2883,5
2884,22
2884,23
2885,1
2885,6
2886,14
2886,16
2887,12
2887,10
2888,1
2888,5
2889,23
2889,21
2890,7
2890,8
2891,5
2891,2
2892,4
2892,1
2893,5
2893,2
2894,6
2894,2
2895,6
2895,3
2895,5
2896,10
2896,7
2897,3
2897,4
2898,2
2898,5
2899,2
2899,5
2899,1
2900,6
2900,5
2901,23
2901,21
2902,6
2902,1
2903,3
2903,1
2904,7
2904,9
2904,11
2905,22
2905,21
2905,23
2906,17
2906,16
2906,14
2907,18
2907,15
2908,19
2908,20
2909,8
2909,7
2910,23
2910,22
2911,6
2911,2
2912,18
2912,16
2913,16
2913,14
2913,17
2914,20
2914,19
2915,9
2915,11
2916,17
2916,14
2917,4
2917,5
2918,7
2918,10
2919,1
2919,6
2920,7
2920,8
2921,13
2921,10
2922,3
2922,1
2923,1
2923,6
2924,4
2924,6
2925,11
2925,9
2926,12
2926,10
2927,15
2927,16
2927,14
2928,4
2928,1
2929,16
2929,15
2930,9
2930,8
2931,4
2931,2
2932,2
2932,3
2933,7
2933,8
2934,4
2934,6
2934,1
2935,1
2935,4
2936,4
2936,6
2936,2
2937,2
2937,5
2938,4
2938,1
2939,4
2939,1
2940,17
2940,15
2941,8
2941,9
2942,1
2942,6
2943,12
2943,9
2943,10
2944,10
2944,8
2945,2
2945,5
2946,1
2946,5
2947,2
2947,5
2948,11
2948,13
2949,9
2949,13
2950,4
2950,6
2951,12
2951,7
2952,20
2952,22
2953,1
2953,2
2954,9
2954,12
2955,10
2955,7
2956,15
2956,14
2957,17
2957,16
2958,15
2958,14
2959,1
2959,2
2960,1
2960,3
2961,14
2961,18
2962,6
2962,4
2963,22
2963,21
2964,6
2964,5
2964,4
2965,13
2965,11
2966,9
2966,10
2967,4
2967,5
2968,17
2968,16
2969,4
2969,6
2970,10
2970,9
2971,8
2971,13
2972,17
2972,16
2973,13
2973,7
2974,22
2974,23
2975,16
2975,14
2975,17
2976,1
2976,5
2977,17
2977,14
2978,20
2978,23
2979,2
2979,1
2980,11
2980,9
2981,5
2981,6
2982,8
2982,7
2982,10
2983,1
2983,4
2984,14
2984,18
2985,1
2985,4
2986,11
2986,12
2986,8
2987,6
2987,4
2987,1
2988,7
2988,11
2988,10
2989,10
2989,12
2990,12
2990,10
2990,11
2991,4
2991,6
2992,2
2992,1
2993,1
2993,6
2994,20
2994,23
2995,3
2995,6
2996,11
2996,8
2997,3
2997,5
2998,16
2998,18
2999,3
2999,1
3000,12
3000,9
3001,6
3001,3
3001,4
3002,3
3002,5
3003,6
3003,3
3004,2
3004,3
3005,13
3005,8
3006,22
3006,23
3006,21
3007,10
3007,11
3008,19
3008,23
3009,7
3009,12
3009,8
3010,1
3010,4
3010,3
3011,2
3011,1
3012,4
3012,1
3013,2
3013,6
3014,16
3014,15
3014,14
3015,8
3015,9
3016,9
3016,13
3016,8
3017,11
3017,7
3018,6
3018,3
3019,7
3019,10
3020,6
3020,1
3021,4
3021,1
3022,6
3022,5
3022,1
3023,3
3023,5
3024,8
3024,11
3025,5
3025,1
3026,4
3026,2
3027,21
3027,23
3028,23
3028,19
3029,9
3029,11
3030,10
3030,12
3030,7
3031,17
3031,16
3031,15
3032,5
3032,2
3032,6
3033,1
3033,2
3033,4
3034,6
3034,1
3035,1
3035,4
3036,22
3036,23
3037,15
3037,17
3038,21
3038,23
3038,19
3039,17
3039,14
3039,16
3040,7
3040,10
3041,18
3041,14
3042,10
3042,11
3043,9
3043,12
3044,4
3044,5
3045,12
3045,10
3046,3
3046,4
3047,10
3047,7
3048,1
3048,6
3049,9
3049,12
3050,3
3050,1
3051,5
3051,1
3051,2
3052,13
3052,7
3053,3
3053,5
3054,22
3054,23
3055,2
3055,4
3055,6
3056,4
3056,2
3057,4
3057,6
3057,2
3058,18
3058,14
3059,9
3059,11
3060,1
3060,5
3061,4
3061,2
3062,18
3062,14
3063,20
3063,19
3064,4
3064,6
3065,5
3065,6
3066,3
3066,2
3067,3
3067,1
3068,15
3068,16
3069,20
3069,22
3069,23
3070,21
3070,23
3070,20
3071,17
3071,15
3072,5
3072,3
3073,20
3073,22
3074,6
3074,1
3075,6
3075,4
3076,9
3076,11
3077,4
3077,5
3078,14
3078,18
3079,20
3079,23
3080,15
3080,14
3081,16
3081,14
3081,15
3082,4
3082,1
3082,2
3083,5
3083,1
3084,16
3084,15
3085,13
3085,10
3086,23
3086,20
3087,2
3087,3
3088,4
3088,5
3089,5
3089,3
3090,12
3090,9
3091,18
3091,17
3092,19
3092,22
3093,3
3093,6
3094,7
3094,13
3095,6
3095,3
3096,5
3096,6
3097,1
3097,2
3098,10
3098,9
3099,11
3099,8
3100,1
3100,4
3101,11
3101,7
3102,16
3102,15
3103,2
3103,5
3104,5
3104,3
3105,17
3105,14
3106,16
3106,15
3107,15
3107,16
3107,17
3108,3
3108,1
3109,7
3109,13
3110,20
3110,22
3110,21
3111,3
3111,6
3112,3
3112,5
3113,22
3113,19
3114,4
3114,3
3115,16
3115,17
3116,18
3116,15
3117,1
3117,6
3117,3
3118,16
3118,15
3118,18
3119,8
3119,7
3120,17
3120,15
3121,23
3121,20
3122,18
3122,17
3123,4
3123,2
3124,15
3124,17
3125,21
3125,19
3126,9
3126,11
3126,8
3127,12
3127,11
3128,3
3128,5
3129,15
3129,14
3130,1
3130,3
3131,2
3131,5
3132,20
3132,19
3132,21
3133,22
3133,21
3134,21
3134,23
3135,12
3135,10
3136,5
3136,4
3136,6
3137,13
3137,10
3138,6
3138,4
3139,18
3139,15
3140,11
3140,7
3141,4
3141,2
3142,6
3142,3
3143,5
3143,6
3143,3
3144,14
3144,16
3145,14
3145,16
3146,6
3146,1
3147,4
3147,3
3148,5
3148,4
3149,4
3149,5
3150,21
3150,22
3151,7
3151,11
3152,6
3152,3
3153,15
3153,17
3154,6
3154,4
3155,6
3155,2
3156,7
3156,13
3157,5
3157,2
3158,12
3158,8
3159,16
3159,15
3159,17
3160,19
3160,21
3161,1
3161,3
3161,5
3162,13
3162,8
3162,10
3163,6
3163,2
3164,12
3164,9
3164,10
3165,1
3165,5
3166,7
3166,13
3167,4
3167,5
3167,6
3168,19
3168,20
3169,17
3169,15
3170,5
3170,1
3171,14
3171,15
3171,18
3172,3
3172,2
3173,16
3173,15
3174,5
3174,1
3175,6
3175,5
3176,8
3176,12
3177,10
3177,9
3178,12
3178,9
3179,11
3179,13
3180,5
3180,3
3180,4
3181,3
3181,2
3181,5
3182,7
3182,8
3183,12
3183,10
3184,3
3184,2
3185,5
3185,1
3186,7
3186,9
3186,11
3187,8
3187,7
3188,17
3188,16
3189,2
3189,5
3189,6
3190,11
3190,12
3191,9
3191,12
3192,4
3192,3
3193,3
3193,6
3194,4
3194,6
3195,17
3195,16
3196,4
3196,6
3196,1
3197,12
3197,9
3198,10
3198,11
3199,5
3199,3
3200,18
3200,16
3201,13
3201,12
3202,6
3202,1
3203,16
3203,15
3204,10
3204,8
3205,4
3205,6
3206,14
3206,18
3207,9
3207,10
3208,5
3208,1
3208,6
3209,19
3209,22
3210,7
3210,9
3211,10
3211,8
3212,4
3212,1
3213,1
3213,4
3214,3
3214,6
3215,7
3215,8
3216,9
3216,12
3217,14
3217,15
3218,3
3218,4
3218,1
3219,17
3219,15
3220,14
3220,15
3221,16
3221,15
3221,18
3222,17
3222,16
3222,18
3223,14
3223,16
3224,6
3224,4
3225,10
3225,7
3225,11
3226,20
3226,22
3227,11
3227,13
3228,5
3228,2
3229,20
3229,19
3230,5
3230,1
3231,6
3231,2
3232,5
3232,6
3233,9
3233,8
3234,4
3234,3
3235,12
3235,7
3235,10
3236,20
3236,21
3237,8
3237,10
3237,12
3238,11
3238,10
3239,17
3239,14
3239,15
3240,16
3240,15
3241,2
3241,6
3242,1
3242,2
3243,10
3243,7
3243,12
3244,14
3244,18
3245,9
3245,13
3246,5
3246,2
3247,17
3247,15
3247,14
3248,7
3248,9
3249,10
3249,12
3249,8
3250,14
3250,17
3250,16
3251,17
3251,18
3252,11
3252,10
3253,9
3253,8
3254,8
3254,7
3255,7
3255,11
3256,9
3256,7
3257,17
3257,16
3258,12
3258,13
3259,8
3259,12
3260,5
3260,1
3261,17
3261,18
3261,15
3262,13
3262,9
3263,1
3263,3
3264,2
3264,6
3265,3
3265,5
3265,6
3266,20
3266,22
3267,16
3267,18
3267,17
3268,12
3268,7
3269,2
3269,1
3270,17
3270,16
3271,8
3271,7
3272,23
3272,19
3273,4
3273,5
3274,6
3274,1
3275,13
3275,8
3276,4
3276,1
3276,3
3277,13
3277,10
3278,17
3278,16
3279,2
3279,1
3280,5
3280,3
3280,1
3281,13
3281,11
3282,17
3282,18
3282,14
3283,8
3283,12
3284,4
3284,3
3285,8
3285,10
3285,11
3286,8
3286,11
3287,18
3287,16
3288,12
3288,13
3289,5
3289,4
3290,16
3290,17
3290,14
3291,11
3291,9
3292,2
3292,5
3293,10
3293,8
3293,13
3294,22
3294,23
3295,14
3295,18
3295,17
3296,6
3296,4
3297,14
3297,15
3298,2
3298,3
3299,11
3299,8
3300,7
3300,11
3301,5
3301,2
3302,3
3302,5
3303,19
3303,22
3303,20
3304,4
3304,1
3305,18
3305,15
3306,10
3306,8
3307,11
3307,7
3307,8
3308,6
3308,1
3309,2
3309,5
3310,3
3310,6
3311,10
3311,13
3312,21
3312,23
3313,14
3313,16
3314,3
3314,1
3315,6
3315,5
3316,2
3316,5
3317,19
3317,21
3318,3
3318,2
3319,2
3319,1
3319,6
3320,11
3320,12
3320,13
3321,13
3321,12
3322,1
3322,3
3323,9
3323,11
3324,6
3324,2
3325,2
3325,3
3326,1
3326,3
3327,6
3327,3
3328,20
3328,19
3328,22
3329,13
3329,12
3330,15
3330,18
3331,5
3331,3
3332,15
3332,16
3332,18
3333,23
3333,21
3334,4
3334,5
3335,23
3335,20
3336,11
3336,9
3337,18
3337,16
3338,3
3338,6
3339,10
3339,12
3340,10
3340,11
3341,19
3341,22
3342,22
3342,21
3343,6
3343,3
3344,20
3344,23
3345,16
3345,15
3345,18
3346,13
3346,9
3347,2
3347,1
3348,1
3348,5
3349,3
3349,6
3349,2
3350,6
3350,1
3351,23
3351,19
3352,3
3352,6
3353,9
3353,8
3354,7
3354,12
3355,10
3355,12
3356,2
3356,3
3357,11
3357,12
3358,13
3358,7
3359,11
3359,8
3359,13
3360,1
3360,3
3361,15
3361,14
3362,3
3362,4
3362,1
3363,7
3363,12
3364,6
3364,3
3365,2
3365,4
3366,17
3366,15
3367,6
3367,2
3368,23
3368,21
3369,17
3369,14
3370,6
3370,4
3371,1
3371,4
3372,3
3372,2
3372,5
3373,19
3373,20
3374,9
3374,10
3375,5
3375,4
3376,8
3376,11
3376,9
3377,3
3377,2
3377,5
3378,8
3378,12
3379,7
3379,12
3380,1
3380,4
3381,15
3381,18
3382,4
3382,6
3383,13
3383,9
3383,11
3384,10
3384,8
3384,7
3385,22
3385,19
3386,7
3386,10
3387,20
3387,19
3388,4
3388,2
3389,17
3389,14
3390,1
3390,6
3391,16
3391,17
3392,3
3392,1
3393,23
3393,20
3394,20
3394,21
3395,6
3395,2
3396,7
3396,8
3397,9
3397,8
3398,3
3398,2
3399,12
3399,9
3400,12
3400,11
3401,10
3401,9
3402,6
3402,2
3402,5
3403,22
3403,20
3404,5
3404,1
3405,11
3405,8
3406,6
3406,1
3407,4
3407,3
3408,5
3408,4
3409,4
3409,1
3410,7
3410,11
3411,11
3411,13
3412,10
3412,7
3413,9
3413,10
3414,2
3414,6
3415,1
3415,4
3415,3
3416,11
3416,8
3417,8
3417,13
3417,12
3418,12
3418,8
3419,2
3419,4
3420,17
3420,18
3421,2
3421,4
3422,8
3422,12
3423,1
3423,3
3423,6
3424,11
3424,12
3424,8
3425,6
3425,4
3426,17
3426,16
3427,2
3427,6
3428,11
3428,13
3429,1
3429,2
3430,9
3430,13
3430,10
3431,6
3431,5
3432,3
3432,4
3432,1
3433,17
3433,14
3434,2
3434,6
3435,6
3435,4
3435,2
3436,17
3436,16
3437,16
3437,14
3438,18
3438,15
3439,2
3439,4
3440,7
3440,11
3441,17
3441,15
3441,18
3442,5
3442,6
3443,16
3443,15
3444,2
3444,5
3445,21
3445,22
3446,13
3446,12
3447,8
3447,12
3447,9
3448,9
3448,13
3449,5
3449,1
3450,1
3450,4
3450,6
3451,14
3451,18
3452,8
3452,11
3453,11
3453,9
3454,3
3454,6
3455,10
3455,7
3455,8
3456,1
3456,6
3457,1
3457,3
3458,20
3458,23
3459,12
3459,7
3460,9
3460,11
3461,19
3461,21
3462,6
3462,5
3462,2
3463,23
3463,19
3464,7
3464,10
3464,12
3465,11
3465,13
3466,4
3466,1
3467,4
3467,6
3467,2
3468,4
3468,6
3469,1
3469,6
3470,5
3470,4
3470,2
3471,7
3471,11
3472,14
3472,15
3473,5
3473,4
3474,16
3474,18
3475,20
3475,22
3476,18
3476,16
3477,15
3477,14
3478,16
3478,18
3479,3
3479,1
3479,5
3480,4
3480,6
3481,23
3481,19
3481,21
3482,10
3482,13
3483,17
3483,14
3484,19
3484,21
3485,6
3485,4
3486,5
3486,1
3487,12
3487,8
3488,2
3488,6
3488,3
3489,8
3489,12
3490,14
3490,15
3491,11
3491,8
3492,1
3492,2
3493,16
3493,17
3494,6
3494,3
3495,15
3495,14
3496,5
3496,4
3497,17
3497,15
3498,12
3498,10
3498,8
3499,1
3499,2
3500,7
3500,11
3500,10
3501,4
3501,6
3502,12
3502,11
3503,18
3503,17
3503,14
3504,14
3504,17
3505,3
3505,5
3506,12
3506,9
3507,18
3507,15
3507,16
3508,14
3508,18
3508,15
3509,1
3509,4
3510,4
3510,1
3511,23
3511,19
3512,1
3512,3
3512,5
3513,5
3513,2
3514,14
3514,16
3515,1
3515,2
3516,18
3516,17
3517,2
3517,1
3518,17
3518,18
3519,19
3519,21
3520,20
3520,22
3521,22
3521,23
3522,18
3522,15
3523,3
3523,1
3524,23
3524,20
3525,23
3525,22
3526,8
3526,12
3526,11
3527,6
3527,1
3527,2
3528,3
3528,1
3529,12
3529,10
3530,14
3530,15
3531,4
3531,1
3532,6
3532,3
3533,10
3533,11
3534,5
3534,6
3535,22
3535,21
3536,2
3536,3
3536,1
3537,5
3537,3
3537,6
3538,5
3538,1
3539,18
3539,15
3540,14
3540,15
3541,4
3541,3
3542,3
3542,4
3543,3
3543,6
3544,1
3544,4
3544,3
3545,17
3545,18
3546,3
3546,6
3546,2
3547,11
3547,12
3548,4
3548,1
3548,2
3549,12
3549,10
3550,1
3550,4
3551,6
3551,4
3552,3
3552,2
3553,6
3553,1
3554,6
3554,3
3555,23
3555,19
3556,5
3556,6
3557,4
3557,3
3557,1
3558,2
3558,3
3558,5
3559,14
3559,18
3559,17
3560,22
3560,20
3561,15
3561,14
3561,16
3562,8
3562,11
3562,13
3563,17
3563,15
3564,5
3564,2
3565,14
3565,16
3565,17
3566,18
3566,14
3567,3
3567,1
3567,5
3568,10
3568,11
3569,1
3569,5
3570,1
3570,6
3571,16
3571,18
3572,1
3572,6
3572,2
3573,15
3573,14
3574,21
3574,22
3575,11
3575,8
3575,7
3576,6
3576,5
3576,2
3577,12
3577,9
3578,14
3578,16
3579,6
3579,1
3580,1
3580,2
3581,8
3581,13
3582,23
3582,22
3582,19
3583,1
3583,4
3584,4
3584,6
3585,22
3585,23
3586,4
3586,2
3586,5
3587,1
3587,4
3588,8
3588,13
3589,1
3589,5
3589,3
3590,4
3590,6
3591,11
3591,10
3592,8
3592,11
3593,12
3593,7
3594,4
3594,2
3595,11
3595,9
3595,13
3596,8
3596,10
3597,16
3597,18
3598,17
3598,18
3599,7
3599,10
3599,12
3600,14
3600,16
3600,17
3601,18
3601,15
3602,1
3602,6
3603,22
3603,21
3604,14
3604,18
3605,3
3605,2
3605,6
3606,5
3606,1
3607,13
3607,7
3608,2
3608,5
3609,14
3609,18
3610,7
3610,10
3611,4
3611,5
3612,1
3612,4
3613,15
3613,18
3614,1
3614,5
3615,17
3615,14
3615,15
3616,6
3616,1
3617,12
3617,9
3618,12
3618,7
3619,3
3619,4
3620,11
3620,9
3621,13
3621,11
3622,6
3622,5
3623,4
3623,3
3624,17
3624,16
3625,17
3625,18
3625,15
3626,12
3626,7
3627,17
3627,14
3628,4
3628,1
3629,3
3629,5
3629,2
3630,13
3630,11
3631,13
3631,10
3632,17
3632,18
3633,5
3633,3
3633,1
3634,12
3634,13
3635,10
3635,8
3636,5
3636,6
3637,13
3637,10
3637,7
3638,11
3638,10
3638,8
3639,1
3639,4
3640,1
3640,5
3641,1
3641,6
3642,22
3642,19
3643,3
3643,6
3644,1
3644,6
3645,2
3645,5
3646,5
3646,3
3647,1
3647,5
3648,12
3648,7
3649,1
3649,3
3649,4
3650,3
3650,4
3651,5
3651,3
3652,1
3652,6
3652,5
3653,4
3653,2
3653,6
3654,11
3654,13
3655,10
3655,9
3656,17
3656,16
3657,5
3657,3
3658,18
3658,16
3658,17
3659,11
3659,12
3660,3
3660,1
3661,4
3661,2
3661,1
3662,18
3662,17
3663,6
3663,4
3664,1
3664,6
3665,10
3665,12
3666,1
3666,3
3667,21
3667,19
3668,6
3668,1
3669,6
3669,5
3669,2
3670,4
3670,5
3670,6
3671,3
3671,6
3672,14
3672,18
3673,16
3673,14
3673,17
3674,20
3674,22
3675,11
3675,9
3676,3
3676,6
3677,4
3677,5
3678,6
3678,1
3679,23
3679,22
3679,21
3680,8
3680,9
3681,10
3681,13
3682,7
3682,12
3683,14
3683,17
3684,4
3684,5
3685,15
3685,16
3686,18
3686,17
3686,16
3687,18
3687,16
3687,14
3688,3
3688,2
3689,1
3689,5
3690,12
3690,9
3691,15
3691,17
3692,22
3692,21
3693,10
3693,11
3694,1
3694,4
3695,2
3695,1
3696,11
3696,10
3697,3
3697,2
3698,9
3698,11
3698,10
3699,15
3699,17
3699,16
3700,3
3700,6
3701,5
3701,6
3702,6
3702,3
3703,5
3703,1
3704,12
3704,9
3705,1
3705,2
3706,3
3706,2
3707,4
3707,1
3707,5
3708,2
3708,1
3709,11
3709,10
3710,7
3710,13
3711,7
3711,13
3712,13
3712,9
3713,2
3713,3
3713,5
3714,12
3714,8
3715,6
3715,1
3716,22
3716,20
3717,1
3717,2
3718,5
3718,3
3719,2
3719,4
3720,15
3720,17
3720,18
3721,6
3721,5
3722,20
3722,23
3723,2
3723,4
3724,15
3724,14
3725,11
3725,12
3725,13
3726,2
3726,4
3727,4
3727,6
3728,1
3728,3
3729,16
3729,18
3729,17
3730,15
3730,14
3731,5
3731,6
3732,1
3732,6
3733,1
3733,4
3734,5
3734,1
3734,3
3735,8
3735,13
3735,10
3736,2
3736,5
3737,3
3737,6
3738,17
3738,18
3739,18
3739,14
3740,16
3740,15
3741,3
3741,6
3742,20
3742,21
3743,7
3743,9
3744,9
3744,13
3745,3
3745,2
3746,18
3746,15
3747,11
3747,12
3748,15
3748,16
3749,10
3749,12
3750,17
3750,14
3750,18
3751,8
3751,11
3752,21
3752,20
3753,6
3753,4
3754,6
3754,1
3755,17
3755,18
3755,14
3756,11
3756,13
3757,9
3757,8
3757,7
3758,16
3758,17
3759,8
3759,9
3760,14
3760,16
3761,4
3761,6
3762,16
3762,18
3762,14
3763,6
3763,5
3764,7
3764,12
3765,16
3765,17
3765,14
3766,4
3766,3
3767,5
3767,1
3768,3
3768,6
3768,4
3769,8
3769,11
3770,2
3770,6
3770,3
3771,2
3771,6
3772,16
3772,17
3773,1
3773,2
3774,8
3774,10
3775,12
3775,11
3775,13
3776,4
3776,5
3776,1
3777,2
3777,4
3778,19
3778,21
3778,23
3779,13
3779,10
3780,4
3780,3
3780,5
3781,14
3781,16
3782,10
3782,11
3783,4
3783,5
3784,11
3784,12
3785,7
3785,9
3786,4
3786,1
3787,17
3787,16
3788,4
3788,6
3788,3
3789,2
3789,4
3790,4
3790,2
3791,18
3791,17
3792,16
3792,14
3793,20
3793,23
3793,21
3794,5
3794,4
3795,16
3795,14
3796,7
3796,9
3797,1
3797,5
3798,6
3798,1
3799,14
3799,15
3800,2
3800,5
3801,8
3801,11
3802,10
3802,11
3803,6
3803,4
3803,2
3804,20
3804,23
3805,17
3805,14
3806,10
3806,8
3807,11
3807,8
3808,12
3808,10
3809,18
3809,14
3809,15
3810,3
3810,6
3811,1
3811,4
3812,3
3812,4
3813,7
3813,9
3814,11
3814,12
3814,8
3815,5
3815,4
3816,23
3816,20
3817,4
3817,6
3818,4
3818,1
3819,4
3819,1
3820,10
3820,7
3821,3
3821,1
3821,5
3822,9
3822,13
3823,15
3823,17
3823,18
3824,6
3824,3
3825,23
3825,22
3825,21
3826,5
3826,3
3827,13
3827,10
3828,3
3828,2
3829,15
3829,14
3830,17
3830,18
3830,16
3831,6
3831,3
3832,6
3832,1
3833,3
3833,2
3833,1
3834,3
3834,1
3835,19
3835,22
3836,13
3836,9
3837,7
3837,12
3837,9
3838,21
3838,20
3838,22
3839,16
3839,15
3840,16
3840,14
3840,17
3841,6
3841,3
3842,6
3842,4
3843,1
3843,5
3844,6
3844,5
3844,1
3845,1
3845,4
3846,5
3846,6
3847,2
3847,3
3848,4
3848,3
3849,6
3849,2
3850,2
3850,1
3850,4
3851,6
3851,2
3852,12
3852,10
3853,16
3853,14
3854,15
3854,17
3855,1
3855,6
3856,1
3856,4
3857,5
3857,4
3858,3
3858,5
3859,5
3859,3
3859,4
3860,23
3860,22
3861,5
3861,1
3862,1
3862,4
3863,18
3863,17
3864,8
3864,13
3865,1
3865,4
3866,1
3866,3
3867,23
3867,20
3868,6
3868,4
3869,8
3869,10
3869,13
3870,17
3870,14
3870,16
3871,5
3871,3
3872,18
3872,16
3873,4
3873,5
3874,5
3874,1
3875,6
3875,5
3875,1
3876,20
3876,23
3877,5
3877,3
3878,4
3878,3
3879,19
3879,20
3880,3
3880,5
3881,16
3881,18
3882,12
3882,13
3883,13
3883,7
3884,17
3884,15
3885,17
3885,14
3886,6
3886,3
3887,22
3887,19
3888,19
3888,22
3889,16
3889,14
3890,10
3890,8
3891,8
3891,13
3892,13
3892,9
3893,1
3893,2
3894,10
3894,8
3895,7
3895,12
3895,9
3896,7
3896,10
3897,3
3897,4
3897,2
3898,10
3898,12
3899,7
3899,13
3900,1
3900,5
3900,3
3901,20
3901,21
3901,22
3902,17
3902,14
3903,1
3903,6
3904,2
3904,6
3904,3
3905,8
3905,10
3906,3
3906,6
3906,2
3907,15
3907,18
3908,6
3908,3
3909,2
3909,4
3910,5
3910,2
3911,14
3911,18
3912,19
3912,21
3912,23
3913,15
3913,18
3914,8
3914,11
3914,7
3915,14
3915,16
3916,3
3916,6
3917,7
3917,9
3917,10
3918,20
3918,22
3919,1
3919,2
3920,20
3920,23
3921,5
3921,4
3922,1
3922,2
3923,9
3923,13
3924,21
3924,22
3925,4
3925,1
3926,18
3926,16
3927,4
3927,2
3928,16
3928,18
3929,9
3929,7
3930,3
3930,1
3931,17
3931,16
3931,14
3932,17
3932,16
3933,9
3933,7
3934,1
3934,2
3935,5
3935,4
3936,21
3936,20
3937,8
3937,7
3937,12
3938,14
3938,18
3939,9
3939,13
3940,15
3940,18
3941,4
3941,6
3942,12
3942,9
3943,7
3943,11
3944,6
3944,5
3945,6
3945,3
3946,13
3946,7
3947,17
3947,18
3948,13
3948,8
3948,12
3949,3
3949,5
3949,4
3950,22
3950,20
3950,19
3951,2
3951,5
3952,3
3952,2
3953,21
3953,22
3954,14
3954,16
3955,21
3955,20
3956,15
3956,17
3957,11
3957,9
3958,6
3958,4
3959,2
3959,6
3960,19
3960,20
3961,16
3961,17
3961,15
3962,5
3962,2
3963,6
3963,5
3964,4
3964,6
3964,1
3965,2
3965,3
3966,15
3966,14
3967,6
3967,3
3968,1
3968,4
3969,22
3969,23
3970,7
3970,11
3971,7
3971,13
3972,6
3972,1
3972,4
3973,3
3973,6
3974,5
3974,6
3975,6
3975,5
3976,3
3976,4
3976,6
3977,3
3977,6
3977,2
3978,1
3978,6
3979,1
3979,6
3980,22
3980,19
3980,20
3981,1
3981,6
3982,5
3982,2
3983,15
3983,18
3984,6
3984,2
3985,7
3985,8
3985,10
3986,18
3986,17
3987,13
3987,8
3988,1
3988,6
3989,16
3989,17
3990,10
3990,8
3991,5
3991,2
3992,2
3992,3
3992,6
3993,1
3993,3
3994,16
3994,14
3995,2
3995,5
3996,5
3996,4
3997,10
3997,12
3998,20
3998,21
3999,4
3999,6
4000,3
4000,6
4001,5
4001,4
4002,11
4002,12
4002,9
4003,9
4003,7
4004,17
4004,18
4004,16
4005,4
4005,2
4006,3
4006,2
4007,1
4007,4
4007,3
4008,4
4008,5
4009,12
4009,8
4010,18
4010,15
4011,6
4011,1
4012,16
4012,14
4013,1
4013,6
4014,7
4014,12
4015,1
4015,4
4016,12
4016,7
4017,5
4017,3
4017,4
4018,23
4018,22
4019,23
4019,21
4020,17
4020,14
4020,15
4021,15
4021,18
4022,6
4022,5
4023,9
4023,13
4024,6
4024,2
4025,14
4025,17
4026,5
4026,6
4027,4
4027,2
4028,8
4028,7
4029,4
4029,1
4030,14
4030,17
4030,18
4031,1
4031,5
4031,3
4032,13
4032,8
4033,18
4033,16
4034,8
4034,13
4035,6
4035,3
4036,1
4036,5
4037,3
4037,6
4038,5
4038,1
4039,10
4039,13
4040,3
4040,6
4041,6
4041,1
4042,4
4042,5
4042,3
4043,22
4043,23
4044,6
4044,5
4044,2
4045,4
4045,1
4045,2
4046,10
4046,8
4047,3
4047,1
4048,19
4048,23
4049,4
4049,1
4050,13
4050,7
4051,10
4051,7
4051,12
4052,16
4052,18
4053,7
4053,13
4053,8
4054,14
4054,16
4055,5
4055,4
4056,10
4056,8
4056,7
4057,18
4057,17
4058,10
4058,8
4059,7
4059,11
4059,10
4060,4
4060,6
4061,3
4061,1
4062,2
4062,4
4063,5
4063,1
4064,2
4064,5
4065,3
4065,6
4066,10
4066,7
4066,12
4067,17
4067,14
4068,8
4068,10
4069,10
4069,9
4070,5
4070,3
4070,6
4071,4
4071,2
4071,5
4072,11
4072,13
4073,16
4073,17
4074,14
4074,15
4075,10
4075,9
4076,18
4076,15
4077,15
4077,16
4078,14
4078,17
4079,15
4079,18
4079,17
4080,4
4080,2
4080,5
4081,1
4081,3
4082,2
4082,4
4083,9
4083,7
4084,16
4084,15
4084,18
4085,2
4085,4
4086,4
4086,3
4087,18
4087,15
4087,14
4088,6
4088,5
4089,18
4089,17
4090,6
4090,1
4091,2
4091,4
4092,5
4092,1
4093,5
4093,4
4094,1
4094,5
4095,2
4095,4
4096,1
4096,3
4097,1
4097,5
4098,17
4098,14
4098,18
4099,2
4099,3
4100,3
4100,5
4100,2
4101,1
4101,6
4102,22
4102,23
4103,16
4103,14
4104,22
4104,23
4104,20
4105,20
4105,19
4106,6
4106,2
4107,7
4107,12
4108,6
4108,3
4109,14
4109,17
4110,5
4110,4
4111,6
4111,5
4112,21
4112,23
4113,15
4113,17
4114,20
4114,21
4115,5
4115,3
4115,2
4116,2
4116,5
4117,2
4117,5
4117,6
4118,3
4118,1
4119,9
4119,7
4119,11
4120,6
4120,4
4121,18
4121,16
4122,6
4122,3
4123,10
4123,7
4124,17
4124,18
4125,8
4125,10
4126,5
4126,6
4127,1
4127,4
4128,3
4128,4
4128,5
4129,15
4129,14
4129,18
4130,8
4130,10
4131,4
4131,3
4132,19
4132,21
4132,22
4133,10
4133,9
4134,18
4134,14
4135,6
4135,3
4136,21
4136,23
4137,4
4137,6
4138,5
4138,4
4138,6
4139,18
4139,17
4140,16
4140,17
4141,13
4141,10
4142,3
4142,6
4143,6
4143,1
4144,15
4144,17
4145,14
4145,15
4146,5
4146,2
4147,5
4147,4
4148,12
4148,9
4149,17
4149,14
4150,3
4150,2
4150,1
4151,13
4151,7
4152,20
4152,19
4153,5
4153,1
4154,13
4154,8
4155,10
4155,8
4156,10
4156,11
4156,7
4157,14
4157,16
4158,9
4158,8
4158,11
4159,13
4159,7
4160,3
4160,5
4161,17
4161,14
4162,3
4162,1
4163,3
4163,5
4163,4
4164,9
4164,8
4165,13
4165,10
4165,7
4166,22
4166,20
4167,17
4167,15
4168,16
4168,15
4169,2
4169,4
4170,9
4170,7
4171,22
4171,19
4172,5
4172,1
4172,4
4173,17
4173,16
4174,11
4174,7
4175,6
4175,2
4175,4
4176,10
4176,12
4177,5
4177,1
4177,6
4178,3
4178,4
4179,1
4179,2
4180,6
4180,4
4180,5
4181,5
4181,3
4182,15
4182,17
4183,3
4183,1
4184,16
4184,14
4185,9
4185,10
4186,6
4186,5
4187,4
4187,2
4188,22
4188,20
4188,19
4189,10
4189,8
4189,12
4190,23
4190,19
4191,1
4191,5
4192,15
4192,18
4193,18
4193,14
4194,23
4194,22
4195,3
4195,4
4196,22
4196,21
4197,5
4197,2
4198,15
4198,18
4198,16
4199,11
4199,8
4200,11
4200,13
4200,8
4201,1
4201,4
4202,16
4202,15
4203,3
4203,6
4204,8
4204,10
4205,11
4205,12
4206,16
4206,14
4207,7
4207,13
4208,9
4208,12
4209,9
4209,8
4210,9
4210,7
4211,11
4211,9
4212,15
4212,17
4213,17
4213,14
4214,13
4214,7
4215,1
4215,3
4216,11
4216,13
4217,5
4217,3
4218,6
4218,3
4219,15
4219,14
4220,2
4220,6
4221,11
4221,13
4222,22
4222,23
4223,1
4223,3
4224,6
4224,4
4225,2
4225,1
4226,3
4226,2
4227,14
4227,15
4228,17
4228,16
4228,18
4229,9
4229,11
4230,4
4230,3
4231,13
4231,7
4232,5
4232,3
4233,13
4233,8
4234,12
4234,13
4234,9
4235,3
4235,1
4236,15
4236,17
4237,17
4237,15
4238,2
4238,4
4238,1
4239,13
4239,12
4240,7
4240,12
4240,13
4241,4
4241,3
4242,3
4242,2
4243,10
4243,7
4244,20
4244,21
4244,19
4245,9
4245,7
4246,11
4246,13
4247,9
4247,12
4248,5
4248,4
4248,3
4249,2
4249,5
4250,6
4250,2
4251,19
4251,23
4252,18
4252,17
4252,14
4253,22
4253,20
4253,23
4254,3
4254,6
4255,10
4255,7
4255,9
4256,12
4256,7
4256,11
4257,2
4257,3
4257,4
4258,3
4258,4
4259,14
4259,18
4260,9
4260,8
4261,10
4261,13
4262,5
4262,1
4263,10
4263,12
4263,7
4264,1
4264,3
4265,3
4265,4
4266,12
4266,9
4266,10
4267,5
4267,2
4268,23
4268,20
4268,19
4269,12
4269,10
4270,2
4270,1
4270,4
4271,2
4271,5
4272,14
4272,15
4273,5
4273,3
4273,4
4274,6
4274,5
4275,5
4275,2
4276,6
4276,1
4277,13
4277,7
4278,8
4278,11
4279,6
4279,1
4280,17
4280,15
4281,6
4281,1
4282,9
4282,7
4283,5
4283,6
4283,1
4284,9
4284,7
4284,10
4285,6
4285,1
4286,8
4286,7
4287,4
4287,5
4288,20
4288,21
4289,6
4289,1
4290,20
4290,22
4291,20
4291,23
4292,4
4292,6
4292,1
4293,1
4293,5
4294,5
4294,3
4295,22
4295,20
4296,12
4296,7
4297,8
4297,11
4298,1
4298,4
4299,16
4299,15
4300,3
4300,4
4301,6
4301,2
4302,3
4302,1
4303,8
4303,11
4303,12
4304,17
4304,15
4305,14
4305,17
4306,4
4306,1
4307,1
4307,4
4308,14
4308,16
4309,9
4309,7
4310,2
4310,5
4310,3
4311,1
4311,4
4311,6
4312,11
4312,10
4312,8
4313,23
4313,19
4314,9
4314,13
4314,12
4315,1
4315,6
4316,17
4316,16
4317,1
4317,5
4318,15
4318,14
4319,5
4319,6
4320,6
4320,1
4320,2
4321,12
4321,13
4322,5
4322,3
4323,2
4323,5
4324,7
4324,11
4325,17
4325,18
4326,15
4326,14
4327,4
4327,5
4328,3
4328,5
4329,7
4329,10
4329,11
4330,6
4330,3
4331,1
4331,6
4332,17
4332,15
4333,21
4333,20
4333,22
4334,3
4334,5
4335,17
4335,15
4336,8
4336,11
4336,10
4337,4
4337,2
4338,13
4338,7
4338,11
4339,1
4339,5
4340,2
4340,5
4341,21
4341,20
4342,11
4342,9
4343,1
4343,4
4344,12
4344,13
4345,19
4345,23
4346,3
4346,6
4346,5
4347,21
4347,23
4348,16
4348,15
4348,18
4349,3
4349,5
4350,11
4350,12
4351,8
4351,12
4351,13
4352,15
4352,16
4353,6
4353,4
4354,6
4354,5
4355,3
4355,2
4356,13
4356,8
4357,15
4357,18
4357,17
4358,17
4358,15
4359,13
4359,10
4360,1
4360,5
4361,3
4361,5
4362,15
4362,14
4362,16
4363,11
4363,8
4364,14
4364,16
4364,18
4365,4
4365,6
4366,1
4366,4
4367,23
4367,22
4368,2
4368,4
4369,5
4369,1
4370,11
4370,10
4370,8
4371,7
4371,8
4371,11
4372,23
4372,19
4373,21
4373,19
4374,16
4374,17
4374,18
4375,6
4375,2
4376,9
4376,13
4376,8
4377,15
4377,18
4378,6
4378,2
4379,19
4379,23
4380,12
4380,8
4381,5
4381,2
4382,8
4382,10
4382,7
4383,9
4383,8
4384,6
4384,1
4385,5
4385,6
4385,1
4386,14
4386,17
4386,18
4387,2
4387,6
4388,1
4388,6
4389,7
4389,11
4390,14
4390,16
4391,8
4391,13
4392,21
4392,23
4393,21
4393,23
4394,9
4394,12
4394,13
4395,5
4395,4
4395,3
4396,14
4396,16
4397,1
4397,5
4398,14
4398,16
4399,11
4399,7
4399,12
4400,5
4400,4
4401,8
4401,11
4402,8
4402,7
4403,21
4403,20
4404,5
4404,6
4405,23
4405,19
4406,5
4406,3
4407,17
4407,14
4408,23
4408,20
4409,6
4409,5
4410,4
4410,5
4411,16
4411,17
4412,17
4412,16
4413,5
4413,1
4414,11
4414,8
4415,17
4415,14
4416,2
4416,3
4417,12
4417,8
4418,6
4418,4
4419,2
4419,5
4420,18
4420,16
4420,14
4421,1
4421,4
4422,23
4422,22
4423,9
4423,13
4424,12
4424,8
4424,11
4425,3
4425,1
4426,2
4426,4
4427,18
4427,17
4428,13
4428,9
4429,16
4429,15
4430,3
4430,4
4431,1
4431,2
4431,6
4432,1
4432,5
4432,6
4433,16
4433,15
4434,1
4434,5
4435,7
4435,8
4436,9
4436,8
4437,4
4437,2
4438,7
4438,10
4438,9
4439,8
4439,11
4440,21
4440,20
4441,3
4441,2
4442,11
4442,12
4443,1
4443,6
4444,15
4444,17
4444,14
4445,10
4445,13
4446,1
4446,3
4447,16
4447,14
4448,13
4448,7
4449,3
4449,1
4450,9
4450,12
4451,5
4451,6
4451,2
4452,17
4452,16
4453,15
4453,14
4454,14
4454,18
4454,16
4455,16
4455,17
4455,18
4456,15
4456,17
4457,5
4457,6
4458,2
4458,5
4459,5
4459,2
4459,4
4460,20
4460,23
4461,21
4461,20
4462,18
4462,17
4463,3
4463,5
4463,2
4464,3
4464,2
4465,14
4465,16
4466,6
4466,4
4467,10
4467,11
4468,3
4468,5
4469,3
4469,6
4470,7
4470,10
4471,23
4471,21
4472,14
4472,18
4473,11
4473,8
4474,4
4474,1
4475,19
4475,22
4476,9
4476,13
4476,7
4477,7
4477,11
4478,12
4478,10
4478,13
4479,2
4479,3
4480,1
4480,3
4480,2
4481,16
4481,18
4482,11
4482,10
4483,2
4483,3
4484,1
4484,4
4485,21
4485,23
4485,20
4486,12
4486,7
4487,12
4487,9
4488,1
4488,3
4489,20
4489,19
4490,16
4490,14
4491,10
4491,12
4492,5
4492,6
4493,9
4493,10
4494,18
4494,16
4495,17
4495,16
4495,14
4496,20
4496,23
4497,11
4497,13
4498,3
4498,2
4499,7
4499,9
4499,11
4500,15
4500,18
4501,2
4501,3
4501,1
4502,6
4502,2
4503,17
4503,16
4504,2
4504,1
4505,17
4505,16
4506,1
4506,2
4507,5
4507,3
4508,6
4508,4
4509,11
4509,13
4510,17
4510,14
4510,15
4511,7
4511,13
4512,7
4512,12
4513,1
4513,2
4514,16
4514,18
4515,20
4515,22
4516,15
4516,16
4516,14
4517,3
4517,5
4517,4
4518,8
4518,13
4518,10
4519,5
4519,4
4520,3
4520,2
4521,2
4521,6
4522,2
4522,4
4523,4
4523,3
4524,14
4524,18
4525,3
4525,5
4526,17
4526,18
4527,23
4527,19
4528,10
4528,11
4529,11
4529,10
4530,16
4530,18
4531,3
4531,6
4532,4
4532,3
4533,12
4533,9
4534,18
4534,15
4535,18
4535,14
4535,17
4536,17
4536,18
4536,16
4537,13
4537,10
4538,11
4538,13
4539,14
4539,18
4540,16
4540,18
4540,15
4541,7
4541,11
4541,9
4542,19
4542,22
4543,15
4543,14
4543,16
4544,12
4544,7
4545,5
4545,4
4546,4
4546,2
4547,16
4547,17
4548,2
4548,3
4549,7
4549,8
4550,10
4550,9
4551,18
4551,15
4552,15
4552,18
4553,16
4553,15
4554,6
4554,2
4555,6
4555,2
4556,11
4556,12
4557,5
4557,1
4558,13
4558,8
4558,7
4559,23
4559,21
4560,9
4560,13
4561,12
4561,10
4562,7
4562,12
4563,16
4563,18
4564,3
4564,2
4565,8
4565,7
4566,5
4566,1
4567,9
4567,11
4568,3
4568,2
4569,7
4569,12
4570,16
4570,15
4570,18
4571,4
4571,6
4572,13
4572,11
4573,3
4573,2
4573,1
4574,5
4574,3
4575,4
4575,3
4576,5
4576,3
4577,20
4577,21
4578,21
4578,20
4579,16
4579,15
4580,13
4580,9
4581,15
4581,16
4581,18
4582,14
4582,18
4582,15
4583,9
4583,11
4584,5
4584,2
4585,16
4585,14
4586,23
4586,22
4587,3
4587,5
4587,1
4588,9
4588,12
4589,1
4589,3
4590,4
4590,3
4590,2
4591,18
4591,14
4591,16
4592,6
4592,5
4593,20
4593,19
4594,14
4594,16
4595,3
4595,1
4596,17
4596,16
4597,17
4597,15
4598,9
4598,11
4599,13
4599,11
4599,7
4600,18
4600,14
4601,4
4601,6
4601,1
4602,6
4602,3
4603,4
4603,5
4604,6
4604,3
4604,2
4605,9
4605,13
4605,12
4606,5
4606,6
4607,8
4607,11
4608,10
4608,9
4609,18
4609,14
4609,15
4610,8
4610,12
4611,21
4611,19
4612,20
4612,23
4613,6
4613,2
4614,12
4614,9
4615,5
4615,1
4615,3
4616,15
4616,18
4617,9
4617,11
4618,6
4618,1
4619,4
4619,3
4619,6
4620,4
4620,2
4621,15
4621,16
4622,18
4622,14
4622,17
4623,5
4623,3
4624,1
4624,3
4625,2
4625,1
4626,9
4626,10
4627,5
4627,1
4628,2
4628,1
4629,14
4629,15
4630,12
4630,7
4630,11
4631,18
4631,14
4632,9
4632,8
4633,10
4633,8
4634,12
4634,8
4635,3
4635,5
4636,4
4636,3
4637,23
4637,20
4638,15
4638,16
4639,15
4639,17
4640,5
4640,3
4641,3
4641,1
4641,5
4642,5
4642,4
4643,21
4643,23
4644,17
4644,16
4644,15
4645,10
4645,13
4646,21
4646,20
4647,3
4647,4
4648,11
4648,10
4649,2
4649,5
4650,2
4650,1
4651,20
4651,22
4652,16
4652,14
4653,3
4653,2
4654,1
4654,6
4654,4
4655,9
4655,13
4656,2
4656,4
4657,11
4657,10
4658,13
4658,12
4659,5
4659,3
4660,5
4660,2
4661,4
4661,5
4662,19
4662,22
4663,3
4663,4
4664,9
4664,12
4665,5
4665,1
4665,6
4666,15
4666,18
4667,3
4667,1
4668,5
4668,2
4669,16
4669,17
4669,15
4670,17
4670,16
4671,1
4671,2
4672,2
4672,6
4673,19
4673,23
4674,3
4674,2
4674,6
4675,5
4675,1
4676,4
4676,5
4676,3
4677,5
4677,2
4678,11
4678,12
4679,13
4679,7
4680,8
4680,9
4680,13
4681,12
4681,11
4682,2
4682,1
4683,18
4683,15
4683,17
4684,1
4684,5
4685,5
4685,2
4686,7
4686,8
4687,3
4687,6
4688,6
4688,5
4688,1
4689,2
4689,1
4690,17
4690,14
4691,1
4691,4
4692,15
4692,16
4693,18
4693,14
4694,11
4694,7
4695,3
4695,5
4696,18
4696,16
4697,5
4697,2
4698,19
4698,20
4699,17
4699,15
4699,16
4700,4
4700,2
4701,16
4701,14
4702,8
4702,9
4702,10
4703,7
4703,8
4704,5
4704,3
4704,6
4705,7
4705,8
4706,18
4706,15
4707,16
4707,14
4708,3
4708,4
4709,8
4709,13
4710,12
4710,13
4711,13
4711,10
4712,8
4712,12
4713,3
4713,5
4714,16
4714,17
4715,5
4715,2
4716,1
4716,6
4716,3
4717,8
4717,11
4718,1
4718,4
4719,5
4719,2
4720,1
4720,6
4721,9
4721,7
4722,22
4722,20
4722,19
4723,10
4723,12
4724,5
4724,2
4725,18
4725,14
4726,6
4726,3
4727,21
4727,20
4728,9
4728,12
4729,4
4729,3
4730,13
4730,11
4731,4
4731,1
4731,6
4732,15
4732,18
4733,4
4733,1
4734,16
4734,17
4735,18
4735,16
4736,17
4736,16
4737,18
4737,17
4738,3
4738,1
4738,4
4739,9
4739,10
4740,15
4740,14
4740,18
4741,1
4741,3
4742,6
4742,4
4743,2
4743,5
4744,6
4744,4
4745,16
4745,18
4746,11
4746,12
4747,7
4747,10
4748,22
4748,19
4749,1
4749,3
4749,4
4750,15
4750,14
4751,4
4751,6
4752,2
4752,6
4753,2
4753,1
4754,6
4754,2
4755,5
4755,4
4756,12
4756,11
4757,6
4757,2
4758,2
4758,6
4759,13
4759,12
4760,2
4760,5
4760,6
4761,17
4761,18
4762,20
4762,23
4762,22
4763,16
4763,15
4764,8
4764,11
4764,7
4765,7
4765,8
4766,7
4766,12
4766,8
4767,21
4767,22
4767,20
4768,21
4768,19
4769,1
4769,6
4770,11
4770,12
4771,14
4771,18
4771,15
4772,1
4772,2
4773,12
4773,9
4774,12
4774,10
4775,17
4775,14
4775,15
4776,2
4776,1
4777,1
4777,5
4777,4
4778,4
4778,1
4779,7
4779,9
4780,20
4780,23
4781,15
4781,16
4782,3
4782,6
4782,5
4783,2
4783,4
4784,15
4784,18
4785,14
4785,17
4786,7
4786,12
4787,5
4787,6
4788,3
4788,1
4788,2
4789,17
4789,15
4789,18
4790,7
4790,9
4791,3
4791,2
4792,23
4792,22
4793,8
4793,13
4794,19
4794,21
4795,9
4795,12
4796,7
4796,11
4797,19
4797,23
4797,20
4798,21
4798,20
4799,21
4799,22
4799,19
4800,16
4800,17
4801,7
4801,9
4802,1
4802,2
4803,3
4803,2
4804,20
4804,21
4805,1
4805,4
4806,14
4806,16
4807,20
4807,19
4808,20
4808,22
4808,23
4809,23
4809,19
4810,9
4810,11
4810,8
4811,11
4811,9
4812,20
4812,19
4813,6
4813,5
4814,5
4814,2
4815,20
4815,22
4815,23
4816,11
4816,12
4816,8
4817,8
4817,7
4818,4
4818,2
4819,12
4819,7
4819,8
4820,19
4820,20
4821,10
4821,13
4822,2
4822,6
4823,9
4823,11
4824,15
4824,14
4824,17
4825,21
4825,23
4825,19
4826,3
4826,4
4827,7
4827,8
4828,1
4828,4
4829,11
4829,9
4830,4
4830,1
4831,11
4831,8
4832,12
4832,11
4833,5
4833,1
4834,3
4834,1
4835,4
4835,2
4836,2
4836,1
4837,14
4837,16
4837,18
4838,2
4838,4
4839,4
4839,6
4840,22
4840,19
4841,4
4841,2
4842,17
4842,16
4843,9
4843,10
4844,18
4844,16
4845,10
4845,11
4846,3
4846,2
4847,17
4847,15
4848,18
4848,15
4849,3
4849,5
4850,14
4850,16
4851,12
4851,8
4852,20
4852,23
4853,18
4853,14
4854,5
4854,1
4854,2
4855,18
4855,14
4856,20
4856,22
4857,14
4857,16
4858,6
4858,1
4859,18
4859,15
4860,13
4860,11
4861,6
4861,4
4862,14
4862,15
4863,9
4863,13
4863,12
4864,14
4864,15
4865,13
4865,7
4866,2
4866,6
4867,20
4867,23
4868,9
4868,13
4869,9
4869,7
4870,3
4870,2
4870,4
4871,3
4871,2
4872,7
4872,8
4872,9
4873,3
4873,6
4874,23
4874,19
4875,21
4875,19
4876,14
4876,17
4877,2
4877,3
4878,15
4878,16
4879,1
4879,6
4879,3
4880,17
4880,14
4880,15
4881,7
4881,10
4881,12
4882,19
4882,22
4883,4
4883,3
4884,1
4884,2
4885,20
4885,21
4886,9
4886,10
4887,15
4887,16
4888,23
4888,22
4888,19
4889,13
4889,9
4890,10
4890,7
4891,12
4891,10
4892,16
4892,17
4893,23
4893,19
4894,5
4894,1
4895,17
4895,15
4896,2
4896,1
4897,9
4897,7
4898,15
4898,16
4899,14
4899,16
4900,2
4900,1
4901,6
4901,4
4902,5
4902,1
4903,3
4903,6
4904,5
4904,2
4905,16
4905,15
4906,5
4906,1
4907,3
4907,5
4908,16
4908,17
4909,3
4909,4
4909,6
4910,5
4910,4
4911,22
4911,21
4912,3
4912,2
4913,3
4913,4
4914,11
4914,10
4914,12
4915,2
4915,6
4915,3
4916,1
4916,4
4917,1
4917,4
4918,4
4918,2
4919,18
4919,14
4920,3
4920,6
4921,6
4921,1
4922,3
4922,5
4923,19
4923,21
4924,5
4924,1
4924,6
4925,14
4925,18
4926,6
4926,5
4926,2
4927,20
4927,21
4928,3
4928,1
4928,2
4929,3
4929,6
4930,9
4930,10
4930,7
4931,4
4931,2
4932,18
4932,16
4932,17
4933,7
4933,8
4933,10
4934,7
4934,11
4935,3
4935,2
4936,16
4936,15
4937,1
4937,6
4937,4
4938,20
4938,21
4939,14
4939,16
4940,9
4940,10
4941,14
4941,18
4942,13
4942,10
4943,10
4943,11
4944,6
4944,2
4945,7
4945,12
4946,6
4946,3
4947,4
4947,2
4948,14
4948,15
4948,16
4949,1
4949,6
4950,12
4950,13
4950,7
4951,3
4951,6
4951,2
4952,3
4952,2
4952,5
4953,14
4953,18
4953,17
4954,4
4954,1
4955,10
4955,11
4955,13
4956,7
4956,11
4957,18
4957,16
4958,6
4958,4
4959,15
4959,18
4960,8
4960,10
4961,6
4961,5
4962,5
4962,6
4963,4
4963,2
4964,12
4964,11
4964,8
4965,4
4965,6
4966,4
4966,2
4967,9
4967,12
4968,11
4968,9
4969,4
4969,1
4970,2
4970,6
4971,2
4971,3
4972,12
4972,7
4972,13
4973,23
4973,20
4974,11
4974,9
4975,13
4975,10
4976,6
4976,1
4977,23
4977,20
4978,3
4978,1
4979,1
4979,2
4980,1
4980,2
4981,1
4981,5
4982,15
4982,16
4983,1
4983,4
4984,2
4984,6
4985,4
4985,3
4986,23
4986,19
4987,16
4987,17
4988,19
4988,23
4989,17
4989,18
4990,22
4990,21
4991,9
4991,8
4992,6
4992,4
4993,2
4993,6
4994,2
4994,4
4995,16
4995,18
4995,17
4996,2
4996,4
4996,3
4997,3
4997,5
4998,8
4998,11
4999,5
4999,6
5000,6
5000,1
5001,6
5001,1
5001,2
5002,11
5002,13
5003,5
5003,1
5004,4
5004,1
5005,6
5005,5
5005,1
5006,17
5006,14
5007,5
5007,6
5008,6
5008,3
5008,1
5009,23
5009,19
5010,17
5010,18
5011,3
5011,6
5012,4
5012,5
5013,2
5013,4
5014,16
5014,15
5015,1
5015,6
5016,20
5016,21
5016,22
5017,17
5017,15
5018,13
5018,10
5019,1
5019,4
5020,18
5020,15
5021,18
5021,17
5021,16
5022,15
5022,16
5023,1
5023,2
5024,18
5024,14
5025,18
5025,15
5026,22
5026,20
5026,21
5027,7
5027,11
5027,8
5028,12
5028,13
5029,5
5029,2
5030,14
5030,18
5031,22
5031,21
5032,12
5032,11
5032,7
5033,5
5033,1
5033,3
5034,1
5034,6
5035,7
5035,12
5036,14
5036,16
5037,2
5037,1
5037,3
5038,5
5038,3
5039,22
5039,19
5040,10
5040,11
5041,5
5041,4
5041,2
5042,5
5042,3
5043,6
5043,5
5044,1
5044,4
5045,9
5045,10
5046,9
5046,7
5047,7
5047,8
5048,13
5048,12
5049,3
5049,4
5050,4
5050,6
5051,1
5051,2
5052,3
5052,6
5053,15
5053,16
5054,3
5054,2
5055,7
5055,12
5056,4
5056,3
5056,2
5057,4
5057,3
5057,2
5058,3
5058,6
5059,11
5059,8
5059,7
5060,9
5060,10
5061,15
5061,16
5061,17
5062,6
5062,2
5063,13
5063,8
5064,15
5064,14
5065,6
5065,1
5066,4
5066,1
5067,5
5067,2
5068,3
5068,1
5069,14
5069,15
5069,18
5070,5
5070,4
5071,7
5071,8
5072,15
5072,16
5073,2
5073,3
5073,5
5074,12
5074,10
5075,3
5075,6
5076,11
5076,13
5077,2
5077,6
5078,2
5078,3
5079,2
5079,5
5080,14
5080,18
5080,16
5081,13
5081,8
5082,17
5082,16
5083,1
5083,6
5084,20
5084,21
5084,22
5085,6
5085,3
5086,18
5086,17
5087,18
5087,16
5088,7
5088,12
5089,1
5089,4
5090,15
5090,18
5090,14
5091,17
5091,18
5092,1
5092,6
5093,14
5093,15
5094,6
5094,3
5095,13
5095,9
5096,9
5096,10
5097,16
5097,14
5098,13
5098,12
5099,1
5099,4
5100,11
5100,9
5101,3
5101,4
5102,10
5102,11
5103,7
5103,9
5104,17
5104,14
5105,6
5105,5
5106,4
5106,3
5107,12
5107,10
5108,5
5108,1
5108,3
5109,2
5109,4
5110,2
5110,1
5111,7
5111,8
5111,12
5112,2
5112,4
5113,13
5113,10
5114,17
5114,14
5115,12
5115,11
5115,13
5116,6
5116,2
5117,4
5117,2
5118,6
5118,2
5118,5
5119,11
5119,9
5120,7
5120,9
5121,1
5121,2
5122,3
5122,4
5123,1
5123,2
5124,5
5124,3
5125,21
5125,22
5125,23
5126,5
5126,4
5126,1
5127,6
5127,5
5128,4
5128,6
5128,5
5129,4
5129,1
5130,6
5130,1
5131,1
5131,4
5132,1
5132,5
5132,3
5133,3
5133,6
5134,9
5134,10
5135,10
5135,13
5136,3
5136,2
5136,5
5137,18
5137,15
5138,1
5138,2
5139,21
5139,22
5139,23
5140,22
5140,19
5141,3
5141,5
5142,1
5142,4
5143,14
5143,16
5144,2
5144,6
5145,1
5145,3
5145,5
5146,10
5146,12
5147,9
5147,7
5147,13
5148,16
5148,14
5148,17
5149,18
5149,16
5150,16
5150,18
5151,15
5151,17
5152,12
5152,11
5152,9
5153,10
5153,11
5154,22
5154,21
5154,20
5155,23
5155,22
5156,16
5156,18
5157,15
5157,14
5158,7
5158,11
5159,3
5159,6
5160,17
5160,16
5161,2
5161,5
5162,6
5162,5
5163,4
5163,1
5163,6
5164,13
5164,11
5165,10
5165,11
5165,8
5166,2
5166,5
5167,4
5167,1
5168,6
5168,3
5169,6
5169,4
5170,2
5170,1
5170,3
5171,8
5171,9
5172,2
5172,1
5173,3
5173,1
5174,4
5174,2
5175,11
5175,8
5175,7
5176,18
5176,14
5177,3
5177,4
5178,5
5178,4
5179,10
5179,12
5180,1
5180,3
5181,16
5181,17
5182,21
5182,20
5183,12
5183,8
5184,23
5184,20
5185,3
5185,1
5186,2
5186,6
5186,3
5187,1
5187,2
5188,4
5188,2
5189,4
5189,6
5190,7
5190,10
5191,7
5191,11
5192,1
5192,6
5193,11
5193,12
5194,6
5194,2
5195,6
5195,3
5196,2
5196,3
5197,12
5197,11
5198,8
5198,13
5198,7
5199,14
5199,18
5200,3
5200,5
5201,6
5201,3
5202,22
5202,23
5202,20
5203,2
5203,3
5204,6
5204,4
5205,4
5205,1
5206,3
5206,6
5207,13
5207,12
5208,5
5208,6
5209,11
5209,8
5210,20
5210,19
5211,1
5211,3
5211,2
5212,1
5212,3
5213,17
5213,14
5214,12
5214,10
5214,8
5215,14
5215,17
5216,6
5216,1
5217,12
5217,13
5217,7
5218,23
5218,21
5219,1
5219,5
5220,18
5220,17
5221,10
5221,12
5222,16
5222,18
5222,14
5223,2
5223,6
5223,4
5224,5
5224,6
5225,4
5225,5
5226,23
5226,19
5227,5
5227,2
5228,5
5228,4
5228,1
5229,18
5229,17
5229,15
5230,3
5230,6
5231,7
5231,11
5232,3
5232,6
5233,12
5233,10
5234,3
5234,1
5235,11
5235,13
5236,8
5236,10
5237,5
5237,1
5238,6
5238,4
5239,2
5239,6
5239,1
5240,16
5240,18
5241,3
5241,6
5242,1
5242,2
5243,3
5243,4
5243,1
5244,8
5244,12
5245,15
5245,18
5246,1
5246,2
5247,15
5247,14
5248,11
5248,10
5249,17
5249,15
5250,14
5250,17
5251,2
5251,5
5252,22
5252,21
5253,15
5253,14
5253,17
5254,7
5254,8
5255,2
5255,4
5256,5
5256,2
5257,13
5257,11
5258,5
5258,3
5259,12
5259,13
5260,2
5260,4
5260,1
5261,10
5261,9
5262,2
5262,6
5263,2
5263,3
5264,4
5264,6
5265,14
5265,15
5266,8
5266,7
5267,21
5267,19
5268,15
5268,17
5269,14
5269,16
5270,12
5270,11
5271,15
5271,16
5272,21
5272,23
5273,17
5273,14
5274,6
5274,2
5274,1
5275,12
5275,7
5276,6
5276,5
5276,2
5277,1
5277,4
5278,11
5278,8
5279,18
5279,15
5279,16
5280,1
5280,4
5281,2
5281,5
5282,14
5282,17
5283,2
5283,6
5284,2
5284,5
5285,16
5285,15
5285,14
5286,17
5286,15
5287,8
5287,11
5287,9
5288,12
5288,11
5289,5
5289,1
5290,3
5290,2
5290,5
5291,18
5291,17
5292,18
5292,16
5293,4
5293,1
5294,5
5294,6
5295,4
5295,6
5296,2
5296,6
5297,3
5297,2
5298,4
5298,6
5299,17
5299,14
5300,6
5300,2
5301,11
5301,13
5302,9
5302,12
5302,7
5303,18
5303,14
5304,21
5304,19
5304,22
5305,3
5305,4
5305,5
5306,4
5306,1
5307,18
5307,16
5308,2
5308,3
5309,5
5309,1
5310,1
5310,3
5311,15
5311,18
5312,5
5312,6
5313,13
5313,11
5314,1
5314,6
5315,11
5315,8
5316,2
5316,3
5317,16
5317,17
5318,18
5318,14
5318,15
5319,1
5319,2
5320,6
5320,5
5321,16
5321,18
5321,15
5322,15
5322,16
5323,4
5323,6
5324,3
5324,1
5324,4
5325,1
5325,3
5326,2
5326,1
5326,5
5327,4
5327,1
5328,1
5328,2
5329,4
5329,2
5330,15
5330,18
5330,16
5331,14
5331,16
5332,14
5332,18
5332,17
5333,13
5333,8
5334,10
5334,12
5335,5
5335,2
5336,7
5336,13
5337,3
5337,5
5337,6
5338,8
5338,13
5339,22
5339,23
5339,20
5340,18
5340,17
5340,14
5341,1
5341,6
5342,16
5342,17
5343,1
5343,5
5344,1
5344,3
5345,3
5345,1
5346,3
5346,5
5347,10
5347,11
5347,9
5348,4
5348,5
5349,6
5349,5
5350,23
5350,19
5350,20
5351,12
5351,11
5351,7
5352,1
5352,3
5353,10
5353,8
5354,9
5354,12
5355,9
5355,7
5356,10
5356,12
5357,14
5357,16
5358,6
5358,5
5359,11
5359,9
5360,4
5360,6
5361,16
5361,18
5362,2
5362,5
5363,3
5363,4
5364,19
5364,21
5365,8
5365,9
5366,3
5366,4
5366,2
5367,2
5367,3
5368,2
5368,3
5369,21
5369,22
5369,20
5370,4
5370,6
5371,1
5371,2
5372,8
5372,12
5373,2
5373,5
5374,1
5374,5
5374,6
5375,14
5375,18
5375,15
5376,3
5376,6
5377,15
5377,18
5378,15
5378,17
5379,2
5379,5
5380,16
5380,18
5381,15
5381,18
5382,11
5382,9
5383,8
5383,9
5384,5
5384,2
5384,6
5385,3
5385,4
5386,14
5386,15
5387,1
5387,4
5388,1
5388,3
5388,6
5389,7
5389,10
5389,13
5390,3
5390,1
5391,16
5391,15
5392,17
5392,14
5393,14
5393,16
5393,17
5394,5
5394,3
5395,3
5395,1
5396,18
5396,14
5397,6
5397,5
5397,2
5398,7
5398,10
5398,8
5399,13
5399,8
5400,6
5400,4
5400,5
5401,1
5401,5
5401,4
5402,7
5402,12
5402,11
5403,4
5403,1
5404,15
5404,18
5404,17
5405,13
5405,8
5406,5
5406,2
5407,17
5407,14
5408,1
5408,4
5409,5
5409,3
5410,20
5410,21
5411,15
5411,17
5411,18
5412,12
5412,9
5413,16
5413,18
5414,10
5414,11
5415,2
5415,1
5416,3
5416,6
5416,1
5417,3
5417,5
5418,1
5418,5
5418,4
5419,11
5419,13
5420,17
5420,16
5421,6
5421,2
5422,10
5422,7
5423,15
5423,14
5424,19
5424,23
5425,3
5425,2
5425,6
5426,22
5426,23
5427,16
5427,18
5428,3
5428,2
5429,1
5429,5
5430,4
5430,6
5430,5
5431,13
5431,8
5432,7
5432,8
5433,11
5433,7
5434,17
5434,16
5435,6
5435,1
5436,2
5436,5
5437,14
5437,17
5438,23
5438,19
5439,16
5439,15
5440,1
5440,4
5441,5
5441,6
5442,4
5442,2
5443,1
5443,4
5443,2
5444,5
5444,1
5445,22
5445,20
5446,12
5446,13
5447,3
5447,5
5447,4
5448,6
5448,5
5449,1
5449,5
5450,13
5450,9
5450,10
5451,16
5451,18
5452,4
5452,5
5453,14
5453,15
5453,18
5454,5
5454,2
5455,2
5455,1
5456,19
5456,22
5456,21
5457,5
5457,1
5458,3
5458,4
5459,10
5459,7
5459,8
5460,4
5460,2
5461,2
5461,6
5462,3
5462,4
5463,6
5463,2
5463,4
5464,13
5464,12
5465,2
5465,1
5466,15
5466,14
5467,15
5467,18
5467,14
5468,4
5468,5
5469,1
5469,5
5470,3
5470,6
5471,6
5471,2
5472,6
5472,4
5473,16
5473,14
5474,3
5474,6
5475,7
5475,10
5476,13
5476,9
5476,8
5477,18
5477,15
5478,4
5478,6
5478,5
5479,6
5479,2
5480,22
5480,20
5481,5
5481,4
5482,10
5482,7
5483,13
5483,12
5484,12
5484,10
5485,4
5485,6
5486,6
5486,2
5487,8
5487,13
5488,8
5488,10
5489,17
5489,18
5489,14
5490,17
5490,14
5491,21
5491,20
5492,20
5492,21
5493,15
5493,18
5493,16
5494,6
5494,3
5495,2
5495,6
5496,7
5496,12
5497,10
5497,12
5498,5
5498,6
5499,13
5499,11
5500,1
5500,3
